Date,Year,Month,Mdate,Weekday_End,Day,Hour,Town_Hall-West,Collins Place-South,Australia on Collins,Bourke Street Mall-South,Bourke Street Mall-North,Melbourne Central,Flagstaff Station,State Library,Collins Place-North,Southern Cross Station,Victoria Point,New Quay,Waterfront City,Webb Bridge,Birrarung Marr,Princes Bridge,Flinders St Station Underpass,Sandridge Bridge
1/1/2012,2012,1,1,20,1,0,3363,549,781,1015,826,2727,157,1574,382,325,791,4372,3164,325,2848,4171,3726,479
1/1/2012,2012,1,1,20,1,1,3232,283,524,878,773,2767,105,1616,261,246,400,1361,709,169,588,2843,3082,1011
1/1/2012,2012,1,1,20,1,2,2133,86,277,496,362,1411,39,750,91,131,263,722,297,52,265,2153,2784,1346
1/1/2012,2012,1,1,20,1,3,1219,86,151,262,298,737,34,273,66,135,253,442,186,58,107,967,1915,1034
1/1/2012,2012,1,1,20,1,4,692,19,89,145,173,486,26,214,34,56,28,65,45,18,65,404,959,532
1/1/2012,2012,1,1,20,1,5,333,24,52,89,107,189,21,104,8,15,11,46,20,7,47,302,485,289
1/1/2012,2012,1,1,20,1,6,252,18,32,96,75,134,15,64,15,27,18,55,14,14,34,187,306,193
1/1/2012,2012,1,1,20,1,7,221,40,57,55,40,124,20,36,15,24,14,76,39,20,72,186,224,120
1/1/2012,2012,1,1,20,1,8,221,63,89,109,59,177,7,56,32,18,23,123,37,41,66,262,262,87
1/1/2012,2012,1,1,20,1,9,458,82,210,315,260,336,12,127,64,54,50,155,74,58,96,296,371,108
1/1/2012,2012,1,1,20,1,10,906,166,394,891,601,647,33,235,54,52,64,238,119,92,90,583,643,141
1/1/2012,2012,1,1,20,1,11,1429,171,598,1416,1292,768,18,331,56,59,53,243,110,80,144,934,917,188
1/1/2012,2012,1,1,20,1,12,1693,212,563,1466,1551,1193,20,575,119,63,83,264,160,78,103,1168,833,182
1/1/2012,2012,1,1,20,1,13,1860,163,727,1705,1763,1626,43,597,83,46,62,343,134,90,75,1367,1065,273
1/1/2012,2012,1,1,20,1,14,1917,148,536,1811,2046,2006,48,453,66,68,54,304,98,86,68,1464,1007,269
1/1/2012,2012,1,1,20,1,15,2015,143,466,1506,2006,2023,36,496,84,65,78,224,104,68,101,1313,1044,257
1/1/2012,2012,1,1,20,1,16,1703,116,345,1384,1811,1681,37,595,71,74,69,265,115,74,76,1206,1086,275
1/1/2012,2012,1,1,20,1,17,1620,118,308,936,1264,1539,35,486,56,64,90,281,153,57,116,1095,1041,292
1/1/2012,2012,1,1,20,1,18,1196,115,247,528,971,1647,49,491,48,62,127,242,85,62,106,955,969,324
1/1/2012,2012,1,1,20,1,19,1375,121,215,527,751,1479,51,661,41,29,65,416,208,83,110,958,883,249
1/1/2012,2012,1,1,20,1,20,1178,112,190,512,700,1233,60,616,50,50,71,578,335,64,150,1152,852,247
1/1/2012,2012,1,1,20,1,21,1142,137,223,356,549,1332,23,580,66,49,70,608,399,88,107,1577,953,445
1/1/2012,2012,1,1,20,1,22,1052,81,173,280,364,838,31,412,29,44,63,414,256,37,74,2108,791,371
1/1/2012,2012,1,1,20,1,23,930,70,132,168,247,652,22,252,25,36,48,191,96,15,44,2336,790,400
2/1/2012,2012,1,2,10,2,0,367,33,67,88,83,271,23,110,23,25,19,51,22,8,14,285,294,143
2/1/2012,2012,1,2,10,2,1,151,7,38,46,57,125,7,50,9,11,29,45,24,1,12,78,140,59
2/1/2012,2012,1,2,10,2,2,57,18,17,32,18,49,4,16,4,4,6,17,0,0,8,34,56,16
2/1/2012,2012,1,2,10,2,3,59,7,13,14,23,33,12,18,2,5,4,3,1,2,6,33,47,23
2/1/2012,2012,1,2,10,2,4,58,6,12,24,22,34,6,13,4,0,5,8,0,3,12,55,76,43
2/1/2012,2012,1,2,10,2,5,54,7,27,9,18,29,6,9,10,17,9,6,6,5,7,43,101,57
2/1/2012,2012,1,2,10,2,6,73,14,36,29,21,76,7,17,23,12,7,15,11,16,26,37,76,38
2/1/2012,2012,1,2,10,2,7,121,49,55,31,51,80,10,37,15,22,27,55,24,56,68,80,142,65
2/1/2012,2012,1,2,10,2,8,250,55,91,143,154,138,11,88,46,35,27,75,36,67,112,140,217,81
2/1/2012,2012,1,2,10,2,9,651,94,247,562,405,309,40,184,46,51,49,104,36,84,134,249,474,104
2/1/2012,2012,1,2,10,2,10,1084,138,453,1252,901,551,33,350,65,29,41,77,45,85,76,484,627,139
2/1/2012,2012,1,2,10,2,11,1587,157,736,1744,1446,726,21,476,86,41,41,89,49,91,73,621,769,193
2/1/2012,2012,1,2,10,2,12,1819,156,917,2077,1740,1158,31,605,76,67,54,75,25,59,61,785,822,163
2/1/2012,2012,1,2,10,2,13,1980,215,779,2139,1917,1241,29,670,85,48,31,77,21,46,55,875,929,164
2/1/2012,2012,1,2,10,2,14,2172,172,775,2230,2019,1485,41,694,73,60,65,125,29,72,61,847,1032,235
2/1/2012,2012,1,2,10,2,15,2093,166,741,2187,1929,1627,41,604,71,44,47,81,24,63,51,900,1021,220
2/1/2012,2012,1,2,10,2,16,2059,163,697,1989,2029,1544,43,582,82,47,58,65,21,53,52,743,1179,212
2/1/2012,2012,1,2,10,2,17,1937,123,480,1529,1628,1470,26,544,73,76,85,132,38,63,76,793,899,162
2/1/2012,2012,1,2,10,2,18,1424,160,354,795,1253,1556,30,557,81,94,131,280,46,68,45,660,770,227
2/1/2012,2012,1,2,10,2,19,1031,72,194,434,930,1139,32,534,77,73,68,210,62,40,48,570,746,244
2/1/2012,2012,1,2,10,2,20,956,123,257,313,611,1177,24,538,78,43,80,344,232,53,99,720,906,272
2/1/2012,2012,1,2,10,2,21,920,79,159,312,475,1218,59,529,38,46,113,610,280,48,72,777,870,293
2/1/2012,2012,1,2,10,2,22,700,66,129,176,347,752,39,272,20,62,76,485,280,40,63,509,751,320
2/1/2012,2012,1,2,10,2,23,477,63,73,133,217,374,22,201,15,15,42,95,55,8,15,425,542,235
3/1/2012,2012,1,3,10,3,0,262,44,55,74,63,200,13,99,16,15,14,65,13,26,17,176,266,102
3/1/2012,2012,1,3,10,3,1,81,12,38,33,50,77,11,63,0,0,3,15,4,5,2,48,99,40
3/1/2012,2012,1,3,10,3,2,48,15,17,14,9,50,4,43,6,3,8,7,5,6,1,44,68,29
3/1/2012,2012,1,3,10,3,3,44,17,4,5,7,20,0,22,2,5,3,11,3,2,15,44,41,9
3/1/2012,2012,1,3,10,3,4,40,7,7,24,10,19,19,11,0,3,3,9,3,2,0,50,45,29
3/1/2012,2012,1,3,10,3,5,45,23,18,18,31,43,42,18,17,21,5,5,3,12,19,56,92,33
3/1/2012,2012,1,3,10,3,6,94,142,59,59,34,67,295,51,103,136,50,22,2,51,53,146,267,94
3/1/2012,2012,1,3,10,3,7,275,414,207,217,182,186,1124,134,386,564,214,73,36,186,194,330,885,272
3/1/2012,2012,1,3,10,3,8,661,1171,540,595,514,486,2664,385,1080,1123,436,190,53,301,238,713,1846,506
3/1/2012,2012,1,3,10,3,9,860,788,642,863,547,518,953,413,499,622,258,143,46,130,87,562,1119,237
3/1/2012,2012,1,3,10,3,10,1250,542,786,1431,966,755,392,541,309,212,144,128,48,86,71,623,902,190
3/1/2012,2012,1,3,10,3,11,1875,394,1012,2108,1669,772,298,773,273,208,98,199,61,110,86,749,1009,231
3/1/2012,2012,1,3,10,3,12,2734,1291,1749,3392,2646,994,511,1161,430,640,220,286,113,338,135,930,1643,365
3/1/2012,2012,1,3,10,3,13,3126,1232,1925,3820,2839,1294,561,1303,514,514,215,333,193,282,204,1100,1762,401
3/1/2012,2012,1,3,10,3,14,2802,512,1383,2924,2312,1433,374,1265,350,207,151,265,152,147,142,991,1561,389
3/1/2012,2012,1,3,10,3,15,2775,493,1286,2996,2187,1589,544,1369,331,244,122,253,145,145,189,1032,1590,436
3/1/2012,2012,1,3,10,3,16,2813,537,1134,2926,2250,1680,1192,1344,686,787,335,275,141,259,226,1225,2107,517
3/1/2012,2012,1,3,10,3,17,2564,776,1068,2651,2107,1843,2084,1410,1030,1233,554,309,114,417,311,1563,2802,846
3/1/2012,2012,1,3,10,3,18,2046,325,546,1297,1448,1908,627,1180,329,373,218,424,210,226,256,964,1586,470
3/1/2012,2012,1,3,10,3,19,1388,220,263,662,1016,1520,192,887,116,128,101,412,225,104,146,817,954,302
3/1/2012,2012,1,3,10,3,20,1143,147,223,427,614,1410,113,823,71,91,67,446,279,78,133,897,809,326
3/1/2012,2012,1,3,10,3,21,988,131,229,371,459,1109,67,545,57,69,46,406,308,55,115,810,845,317
3/1/2012,2012,1,3,10,3,22,709,118,103,218,334,753,55,411,43,37,40,217,101,17,55,595,560,239
3/1/2012,2012,1,3,10,3,23,469,62,86,180,203,417,51,211,22,29,26,89,28,18,36,359,469,215
4/1/2012,2012,1,4,10,4,0,249,12,46,62,59,258,20,93,4,14,12,15,10,12,16,149,239,95
4/1/2012,2012,1,4,10,4,1,107,9,24,32,31,98,7,86,7,20,5,7,3,10,11,82,61,26
4/1/2012,2012,1,4,10,4,2,57,9,8,13,22,38,11,31,3,11,0,1,0,4,4,20,42,17
4/1/2012,2012,1,4,10,4,3,50,10,7,35,16,27,5,19,4,2,2,2,9,2,30,31,17,11
4/1/2012,2012,1,4,10,4,4,37,7,7,7,10,28,2,12,0,4,0,0,0,2,5,48,50,26
4/1/2012,2012,1,4,10,4,5,53,38,10,13,21,40,37,17,20,23,9,4,2,10,20,66,104,46
4/1/2012,2012,1,4,10,4,6,105,159,52,76,26,67,336,51,105,143,29,39,18,64,50,140,307,93
4/1/2012,2012,1,4,10,4,7,301,508,215,245,132,176,1111,166,428,569,184,33,11,188,134,375,776,238
4/1/2012,2012,1,4,10,4,8,644,1165,500,572,392,406,3205,344,1121,1324,555,94,27,267,130,794,2070,521
4/1/2012,2012,1,4,10,4,9,832,794,632,765,602,438,1163,340,584,667,279,102,40,129,91,652,1137,293
4/1/2012,2012,1,4,10,4,10,1398,534,923,1287,1080,667,406,475,340,217,129,113,52,92,81,648,870,236
4/1/2012,2012,1,4,10,4,11,2231,506,1269,2406,1717,849,358,720,290,261,137,181,91,163,168,1109,1239,412
4/1/2012,2012,1,4,10,4,12,3224,1324,2238,3550,3022,1156,637,1222,522,685,265,366,241,462,254,1416,2039,518
4/1/2012,2012,1,4,10,4,13,3809,1362,2648,4517,3449,1848,479,1457,545,656,195,390,231,429,369,1540,2206,572
4/1/2012,2012,1,4,10,4,14,3336,688,1915,3790,3029,2007,425,1448,356,310,122,368,200,196,495,1452,1871,493
4/1/2012,2012,1,4,10,4,15,3347,558,1681,3750,2920,2008,563,1553,456,327,136,430,268,159,400,1671,1943,588
4/1/2012,2012,1,4,10,4,16,3313,561,1634,3247,2697,2033,1207,1569,718,884,391,383,208,292,455,1747,2431,627
4/1/2012,2012,1,4,10,4,17,3158,994,1333,3164,2580,2118,2342,1556,1107,1474,630,342,186,438,997,2052,3283,966
4/1/2012,2012,1,4,10,4,18,2295,627,661,1705,1866,1730,810,1200,420,509,282,377,210,196,1079,1293,1804,631
4/1/2012,2012,1,4,10,4,19,1625,398,392,761,1192,1550,289,944,153,170,138,332,113,102,229,973,1285,377
4/1/2012,2012,1,4,10,4,20,1299,284,290,468,744,1328,169,754,74,89,92,347,157,64,150,719,928,302
4/1/2012,2012,1,4,10,4,21,894,171,215,270,511,991,114,534,68,69,87,176,74,36,138,685,871,268
4/1/2012,2012,1,4,10,4,22,661,118,131,266,291,794,80,456,62,37,51,69,20,29,921,675,798,272
4/1/2012,2012,1,4,10,4,23,445,99,93,183,182,407,50,249,16,36,16,45,8,15,37,321,514,231
5/1/2012,2012,1,5,10,5,0,183,32,35,47,78,147,22,75,7,19,8,8,2,11,7,162,188,69
5/1/2012,2012,1,5,10,5,1,76,17,13,35,35,71,7,51,9,8,7,0,0,3,1,40,72,35
5/1/2012,2012,1,5,10,5,2,42,14,3,32,8,53,3,33,8,3,2,10,5,7,1,24,55,27
5/1/2012,2012,1,5,10,5,3,30,7,18,19,20,17,1,22,2,1,1,6,8,1,13,19,24,7
5/1/2012,2012,1,5,10,5,4,47,28,7,5,10,37,5,12,2,2,0,4,4,0,9,26,44,32
5/1/2012,2012,1,5,10,5,5,47,32,17,16,17,28,41,18,12,20,11,7,1,14,24,59,96,31
5/1/2012,2012,1,5,10,5,6,100,118,48,85,51,85,291,52,114,153,32,44,20,60,56,137,283,101
5/1/2012,2012,1,5,10,5,7,263,497,230,227,207,208,1066,158,391,629,176,67,28,228,217,417,902,278
5/1/2012,2012,1,5,10,5,8,719,1241,569,593,472,441,2998,402,1156,1492,446,121,31,357,364,883,2030,575
5/1/2012,2012,1,5,10,5,9,970,798,700,915,662,583,1317,406,681,684,291,154,71,157,146,778,1271,347
5/1/2012,2012,1,5,10,5,10,1638,526,1030,1324,1230,777,524,547,357,253,156,138,67,106,171,855,1161,334
5/1/2012,2012,1,5,10,5,11,2350,511,1439,2308,1862,859,465,722,322,279,131,240,153,153,281,1114,1347,406
5/1/2012,2012,1,5,10,5,12,3417,1413,2476,3922,3092,1383,712,1374,505,755,308,425,263,435,482,1519,2150,545
5/1/2012,2012,1,5,10,5,13,3864,1467,2578,4731,3559,2190,670,1649,605,650,250,457,279,473,459,1647,2289,555
5/1/2012,2012,1,5,10,5,14,3733,726,1957,3849,2892,2054,448,1385,365,313,181,398,221,194,423,1687,1954,535
5/1/2012,2012,1,5,10,5,15,3592,571,1812,3699,2826,2219,556,1467,405,316,179,435,231,172,313,1602,2018,576
5/1/2012,2012,1,5,10,5,16,3278,617,1542,3265,2695,2001,1269,1613,713,891,374,335,220,245,320,1646,2197,578
5/1/2012,2012,1,5,10,5,17,3093,1013,1399,2955,2637,2161,2270,1527,1124,1451,598,353,160,477,443,1819,3295,1004
5/1/2012,2012,1,5,10,5,18,2482,556,843,2159,2014,1979,773,1275,447,511,304,339,146,258,290,1159,1983,607
5/1/2012,2012,1,5,10,5,19,1900,392,431,1075,1444,1655,239,956,170,193,131,329,184,111,168,922,1301,358
5/1/2012,2012,1,5,10,5,20,1459,314,336,599,1045,1506,146,750,75,104,83,262,143,56,95,691,1041,358
5/1/2012,2012,1,5,10,5,21,1176,177,244,359,538,1262,94,530,82,70,73,200,93,45,54,720,912,361
5/1/2012,2012,1,5,10,5,22,709,115,146,211,306,804,64,411,60,64,14,131,59,19,32,544,694,233
5/1/2012,2012,1,5,10,5,23,606,88,90,146,182,581,40,209,39,20,12,49,22,22,21,328,503,210
6/1/2012,2012,1,6,10,6,0,264,27,40,67,86,278,31,94,20,15,5,25,15,15,17,138,219,117
6/1/2012,2012,1,6,10,6,1,161,11,12,26,45,160,12,72,8,3,3,4,4,0,9,112,72,42
6/1/2012,2012,1,6,10,6,2,79,12,33,126,26,64,7,65,7,3,2,15,7,4,3,41,54,30
6/1/2012,2012,1,6,10,6,3,58,14,19,13,21,41,2,27,132,3,2,8,5,3,4,24,36,20
6/1/2012,2012,1,6,10,6,4,52,38,15,6,27,31,1,9,4,1,1,5,12,4,3,55,49,43
6/1/2012,2012,1,6,10,6,5,63,26,11,13,31,52,43,26,21,25,6,10,4,12,10,50,94,30
6/1/2012,2012,1,6,10,6,6,108,143,53,84,42,87,300,33,120,144,38,23,10,57,50,145,283,101
6/1/2012,2012,1,6,10,6,7,251,448,252,229,188,200,1118,160,401,597,188,73,23,209,184,405,836,282
6/1/2012,2012,1,6,10,6,8,732,1161,559,605,522,497,2709,425,1097,1301,431,147,28,335,310,868,2092,591
6/1/2012,2012,1,6,10,6,9,1004,786,748,891,733,575,1222,354,590,667,275,122,53,145,151,640,1189,321
6/1/2012,2012,1,6,10,6,10,1578,515,1015,1382,1335,868,448,564,383,268,121,213,91,133,163,780,1062,332
6/1/2012,2012,1,6,10,6,11,2286,588,1508,2113,2140,996,460,629,330,244,138,275,184,162,238,1121,1380,361
6/1/2012,2012,1,6,10,6,12,3333,1534,2326,3644,3370,1671,658,1342,543,734,306,490,319,583,355,1365,2156,573
6/1/2012,2012,1,6,10,6,13,3808,1415,2730,4535,3703,2281,712,1580,595,654,304,441,305,447,397,1645,2244,511
6/1/2012,2012,1,6,10,6,14,3567,731,1812,3710,3116,2264,492,1424,383,325,186,470,274,264,317,1621,2020,583
6/1/2012,2012,1,6,10,6,15,3597,558,1729,3313,2833,2162,694,1355,410,369,154,437,290,197,338,1580,1969,601
6/1/2012,2012,1,6,10,6,16,3400,714,1683,3310,2866,2298,1378,1542,692,944,426,336,239,267,346,1722,2479,639
6/1/2012,2012,1,6,10,6,17,3355,968,1523,3325,2962,2402,1827,1736,906,1255,526,378,177,434,434,2042,3242,932
6/1/2012,2012,1,6,10,6,18,2949,559,1038,2474,2549,2434,582,1280,346,375,260,340,248,200,242,1295,1902,572
6/1/2012,2012,1,6,10,6,19,2890,419,598,1764,1858,2075,243,1107,180,161,148,341,235,139,181,1143,1514,511
6/1/2012,2012,1,6,10,6,20,2481,365,439,1350,1596,1927,149,1017,104,104,158,373,235,85,137,1030,1231,399
6/1/2012,2012,1,6,10,6,21,2316,251,291,653,962,1858,107,849,100,67,121,270,162,59,107,1011,1213,363
6/1/2012,2012,1,6,10,6,22,1112,182,237,353,425,1184,92,557,91,54,55,199,94,25,89,850,1047,361
6/1/2012,2012,1,6,10,6,23,1489,164,188,300,298,1137,82,484,81,49,56,109,48,31,51,628,824,344
7/1/2012,2012,1,7,20,7,0,737,74,135,210,203,617,40,349,42,30,52,70,15,9,24,395,544,221
7/1/2012,2012,1,7,20,7,1,395,54,86,143,123,365,19,198,12,11,22,19,6,1,19,172,255,83
7/1/2012,2012,1,7,20,7,2,266,30,63,124,64,245,6,120,6,9,23,6,4,3,42,100,138,72
7/1/2012,2012,1,7,20,7,3,211,19,47,67,49,187,7,57,16,7,18,10,6,4,12,73,79,47
7/1/2012,2012,1,7,20,7,4,111,30,16,34,30,75,5,55,15,1,3,12,11,6,3,39,76,44
7/1/2012,2012,1,7,20,7,5,70,19,23,35,27,35,6,45,20,5,3,3,6,4,4,55,75,43
7/1/2012,2012,1,7,20,7,6,94,25,21,37,30,58,15,31,19,17,5,12,4,14,15,50,116,55
7/1/2012,2012,1,7,20,7,7,176,13,94,69,67,128,18,48,33,41,16,38,14,52,88,116,279,128
7/1/2012,2012,1,7,20,7,8,300,0,186,187,218,198,31,78,89,42,43,87,44,82,121,231,279,100
7/1/2012,2012,1,7,20,7,9,698,143,463,603,470,434,51,182,85,71,49,155,60,79,158,452,526,193
7/1/2012,2012,1,7,20,7,10,1470,173,772,1329,1054,670,68,412,99,68,102,174,93,124,200,743,837,263
7/1/2012,2012,1,7,20,7,11,2074,242,1035,2024,1638,1073,67,680,131,74,113,221,117,151,245,1077,1053,328
7/1/2012,2012,1,7,20,7,12,2462,207,1427,2473,2252,1546,47,935,139,100,68,308,180,158,290,1157,1208,388
7/1/2012,2012,1,7,20,7,13,2783,286,1454,2838,2436,1850,84,1111,119,84,105,426,261,138,274,1363,1671,536
7/1/2012,2012,1,7,20,7,14,2988,241,1600,3277,2594,1985,63,1140,144,64,80,467,278,139,322,1363,1404,469
7/1/2012,2012,1,7,20,7,15,3146,288,1549,3447,2710,2096,74,1332,176,68,63,505,303,164,355,1522,1634,460
7/1/2012,2012,1,7,20,7,16,3020,264,1329,3049,2802,1995,92,1274,154,123,65,355,253,145,426,1468,1683,465
7/1/2012,2012,1,7,20,7,17,2399,383,759,2132,2132,1812,70,1083,121,96,72,432,284,91,924,1269,1435,431
7/1/2012,2012,1,7,20,7,18,1891,383,451,1010,1370,1878,54,920,126,93,104,494,346,111,1904,1142,1180,350
7/1/2012,2012,1,7,20,7,19,1472,329,282,586,928,1517,31,776,66,76,64,483,270,57,547,1047,1043,319
7/1/2012,2012,1,7,20,7,20,1483,276,292,496,845,1433,31,731,86,41,78,484,292,42,174,919,997,358
7/1/2012,2012,1,7,20,7,21,1378,195,243,412,417,1411,25,559,47,46,62,189,68,29,653,820,897,252
7/1/2012,2012,1,7,20,7,22,1206,203,225,347,321,1117,46,467,68,53,71,170,63,47,1602,788,1006,291
7/1/2012,2012,1,7,20,7,23,1132,150,201,271,270,732,38,383,56,40,84,167,68,22,72,603,797,281
8/1/2012,2012,1,8,20,1,0,1062,72,92,247,196,594,20,258,38,21,44,63,22,7,12,353,579,239
8/1/2012,2012,1,8,20,1,1,824,42,82,169,147,328,13,218,14,7,39,29,8,6,12,195,204,83
8/1/2012,2012,1,8,20,1,2,674,32,71,118,104,231,13,95,13,6,16,22,9,5,7,109,148,48
8/1/2012,2012,1,8,20,1,3,850,29,46,108,63,231,20,46,16,7,9,2,1,4,20,61,175,78
8/1/2012,2012,1,8,20,1,4,229,10,23,45,40,65,3,22,2,3,6,8,5,3,14,23,59,33
8/1/2012,2012,1,8,20,1,5,109,9,29,42,16,72,4,25,3,7,3,5,4,4,7,43,38,19
8/1/2012,2012,1,8,20,1,6,65,11,23,23,39,49,10,27,12,5,2,8,2,3,15,58,46,32
8/1/2012,2012,1,8,20,1,7,115,24,55,51,45,69,10,32,23,23,8,29,7,28,26,77,136,64
8/1/2012,2012,1,8,20,1,8,186,67,93,105,107,179,19,79,22,37,19,33,15,39,58,162,242,95
8/1/2012,2012,1,8,20,1,9,495,108,248,406,333,462,36,118,63,59,65,48,51,53,101,241,326,98
8/1/2012,2012,1,8,20,1,10,942,181,596,834,711,510,37,244,79,64,76,109,66,44,97,507,530,126
8/1/2012,2012,1,8,20,1,11,1371,205,896,1506,1376,898,51,490,76,84,105,295,294,103,117,850,911,293
8/1/2012,2012,1,8,20,1,12,1913,241,985,2081,1783,1342,61,758,135,62,108,405,516,144,187,1195,1007,294
8/1/2012,2012,1,8,20,1,13,2411,210,1129,2281,2241,1643,46,972,116,52,81,649,658,136,201,1330,1158,349
8/1/2012,2012,1,8,20,1,14,2663,200,1273,2701,2538,1867,57,1112,126,66,65,623,806,143,243,1574,1401,395
8/1/2012,2012,1,8,20,1,15,2737,215,1169,2637,2685,1987,48,1128,133,69,117,533,700,150,321,1522,1469,426
8/1/2012,2012,1,8,20,1,16,2729,223,962,2476,2448,1881,55,1250,118,83,83,540,615,181,360,1488,1454,448
8/1/2012,2012,1,8,20,1,17,2286,141,597,1829,1669,1850,53,1158,112,78,123,536,495,105,345,1173,1396,487
8/1/2012,2012,1,8,20,1,18,1714,177,329,867,1111,1633,33,820,86,108,76,464,326,125,215,965,1325,406
8/1/2012,2012,1,8,20,1,19,1379,104,250,472,763,1387,48,698,57,60,85,432,200,90,174,754,879,327
8/1/2012,2012,1,8,20,1,20,997,115,222,284,467,1368,32,603,52,43,65,298,220,49,129,629,784,320
8/1/2012,2012,1,8,20,1,21,834,76,174,244,333,1005,64,460,34,33,55,237,207,42,77,621,784,261
8/1/2012,2012,1,8,20,1,22,592,67,109,134,192,632,25,255,31,28,47,108,36,24,60,404,635,248
8/1/2012,2012,1,8,20,1,23,345,41,96,116,121,395,31,165,22,20,38,33,33,15,50,251,364,183
9/1/2012,2012,1,9,10,2,0,206,26,47,59,49,214,18,105,26,20,18,29,17,1,19,162,203,105
9/1/2012,2012,1,9,10,2,1,55,10,34,23,12,57,2,30,7,6,7,15,2,1,9,40,126,23
9/1/2012,2012,1,9,10,2,2,30,20,13,30,26,30,7,29,3,0,0,22,7,1,0,23,42,20
9/1/2012,2012,1,9,10,2,3,30,9,16,7,7,27,2,12,2,2,4,2,0,1,0,23,17,4
9/1/2012,2012,1,9,10,2,4,29,13,6,7,9,41,2,13,0,2,0,1,3,0,0,33,47,40
9/1/2012,2012,1,9,10,2,5,58,34,16,15,13,41,50,19,24,26,18,12,11,11,12,59,108,38
9/1/2012,2012,1,9,10,2,6,136,185,72,85,52,96,419,50,153,220,78,44,18,66,63,193,366,127
9/1/2012,2012,1,9,10,2,7,406,666,303,284,214,270,1621,192,583,805,339,114,43,287,269,607,1244,363
9/1/2012,2012,1,9,10,2,8,864,1815,787,783,634,653,4681,590,1680,1925,708,171,49,501,481,1299,2962,871
9/1/2012,2012,1,9,10,2,9,1031,987,772,838,683,576,1733,492,670,728,300,153,54,166,184,733,1425,376
9/1/2012,2012,1,9,10,2,10,1698,620,954,1309,1164,809,646,576,369,273,145,93,48,107,147,648,909,232
9/1/2012,2012,1,9,10,2,11,2386,538,1341,2034,1504,1259,494,778,358,253,136,204,124,140,176,871,1127,325
9/1/2012,2012,1,9,10,2,12,3636,1562,2440,3708,2981,2068,840,1429,620,845,380,386,249,449,356,1373,2150,498
9/1/2012,2012,1,9,10,2,13,3985,1610,2766,4629,3476,2348,962,1721,725,743,298,407,318,437,440,1455,2348,648
9/1/2012,2012,1,9,10,2,14,3439,762,1772,3448,2617,2090,575,1360,388,353,167,338,171,184,240,1288,1820,539
9/1/2012,2012,1,9,10,2,15,3204,626,1525,2775,2621,2167,774,1345,487,306,153,256,150,143,241,1301,1669,464
9/1/2012,2012,1,9,10,2,16,3096,728,1374,2870,2381,2166,1653,1404,792,969,435,260,197,264,344,1433,2208,655
9/1/2012,2012,1,9,10,2,17,2995,1335,1326,2558,2309,2178,3754,1679,1696,2045,843,311,166,587,628,2188,3852,1210
9/1/2012,2012,1,9,10,2,18,2295,745,599,1390,1625,2013,1232,1308,594,654,375,281,203,326,429,1329,1990,692
9/1/2012,2012,1,9,10,2,19,1783,399,328,616,852,1543,334,920,191,181,154,260,112,163,217,859,1079,366
9/1/2012,2012,1,9,10,2,20,1800,299,216,388,665,1251,155,727,116,112,79,335,177,67,142,698,836,265
9/1/2012,2012,1,9,10,2,21,1062,189,197,324,376,1020,106,422,67,68,64,228,131,45,109,701,829,301
9/1/2012,2012,1,9,10,2,22,1057,153,104,180,183,683,61,278,50,33,38,111,68,21,55,478,567,241
9/1/2012,2012,1,9,10,2,23,472,67,78,103,95,425,25,143,20,20,20,26,18,11,19,321,400,194
10/1/2012,2012,1,10,10,3,0,164,25,35,71,52,175,17,63,7,4,11,26,14,7,12,99,181,71
10/1/2012,2012,1,10,10,3,1,75,14,21,46,20,46,9,34,16,8,0,4,0,1,5,26,57,11
10/1/2012,2012,1,10,10,3,2,44,6,8,7,13,32,5,11,1,2,1,4,4,1,18,17,45,14
10/1/2012,2012,1,10,10,3,3,21,12,5,13,9,21,3,13,3,2,2,7,4,1,0,16,28,9
10/1/2012,2012,1,10,10,3,4,32,18,11,9,6,19,1,10,1,2,0,12,11,3,15,36,65,33
10/1/2012,2012,1,10,10,3,5,72,32,12,17,18,42,54,24,22,26,20,9,6,14,17,63,88,44
10/1/2012,2012,1,10,10,3,6,178,205,78,99,70,106,419,66,129,261,77,61,15,95,84,227,387,140
10/1/2012,2012,1,10,10,3,7,381,630,342,332,220,275,1715,223,639,845,316,118,35,296,333,584,1250,395
10/1/2012,2012,1,10,10,3,8,892,1833,899,780,625,647,4839,626,1598,1982,725,194,74,481,474,1325,3160,927
10/1/2012,2012,1,10,10,3,9,1007,1126,736,829,736,550,1805,431,765,696,341,172,59,194,211,755,1528,402
10/1/2012,2012,1,10,10,3,10,1486,597,929,1184,1092,807,753,547,392,321,159,141,43,91,166,680,1034,275
10/1/2012,2012,1,10,10,3,11,2200,554,1222,1965,1494,1132,585,727,391,246,172,168,77,104,179,1001,1217,376
10/1/2012,2012,1,10,10,3,12,3423,1483,2441,3561,2840,2145,948,1339,701,877,392,352,197,489,413,1306,2257,574
10/1/2012,2012,1,10,10,3,13,3787,1691,2607,4311,3378,2230,970,1505,703,709,251,341,138,484,482,1363,2160,538
10/1/2012,2012,1,10,10,3,14,3340,789,1838,3238,2496,2111,563,1325,421,343,190,263,153,179,312,1280,1804,567
10/1/2012,2012,1,10,10,3,15,3235,608,1484,2911,2225,2040,778,1405,498,371,185,228,140,126,328,1165,1815,555
10/1/2012,2012,1,10,10,3,16,3135,688,1323,2633,2072,2066,1752,1369,864,952,391,190,75,247,344,1442,2250,628
10/1/2012,2012,1,10,10,3,17,2881,1310,1238,2547,2203,2084,3581,1606,1662,1904,618,276,120,612,571,1868,3790,1210
10/1/2012,2012,1,10,10,3,18,2241,781,768,1406,1499,2070,1318,1232,590,693,356,207,129,329,400,1289,2100,716
10/1/2012,2012,1,10,10,3,19,1432,392,344,633,864,1560,356,739,221,193,169,203,93,123,174,807,1068,353
10/1/2012,2012,1,10,10,3,20,1077,258,248,376,562,1368,195,673,82,105,84,150,89,66,115,533,906,266
10/1/2012,2012,1,10,10,3,21,863,179,139,283,367,1129,78,452,90,51,79,100,45,45,93,699,856,269
10/1/2012,2012,1,10,10,3,22,526,154,106,166,164,685,47,247,53,39,36,62,13,21,34,315,606,199
10/1/2012,2012,1,10,10,3,23,300,80,65,87,119,342,32,137,46,10,21,17,0,8,10,182,360,144
11/1/2012,2012,1,11,10,4,0,173,25,33,40,39,177,14,57,12,9,5,10,9,2,7,82,134,69
11/1/2012,2012,1,11,10,4,1,45,17,11,92,30,83,5,40,6,4,7,5,5,3,2,24,46,29
11/1/2012,2012,1,11,10,4,2,53,2,7,11,9,39,9,36,2,6,0,3,3,1,1,13,23,13
11/1/2012,2012,1,11,10,4,3,23,11,0,5,15,42,0,6,2,2,4,0,1,0,8,26,21,3
11/1/2012,2012,1,11,10,4,4,22,7,6,3,5,15,1,12,2,2,2,3,0,3,3,44,53,38
11/1/2012,2012,1,11,10,4,5,55,29,13,16,24,31,45,20,27,21,12,6,11,12,28,64,98,42
11/1/2012,2012,1,11,10,4,6,106,173,63,92,44,69,415,57,171,255,89,33,4,72,83,184,358,128
11/1/2012,2012,1,11,10,4,7,350,642,289,298,203,236,1639,225,606,830,281,76,31,258,265,588,1148,305
11/1/2012,2012,1,11,10,4,8,887,1717,735,788,627,514,4679,591,1563,2009,825,139,46,420,419,1148,3092,820
11/1/2012,2012,1,11,10,4,9,986,1035,726,824,701,517,1766,425,804,841,356,70,20,138,147,627,1409,291
11/1/2012,2012,1,11,10,4,10,1353,590,1019,1290,953,674,603,462,394,263,187,32,6,70,69,607,808,184
11/1/2012,2012,1,11,10,4,11,1985,486,1268,1786,1514,893,548,551,393,278,167,70,23,76,108,817,920,234
11/1/2012,2012,1,11,10,4,12,2933,1328,2243,3141,2582,1752,748,1204,564,794,320,137,49,264,208,1116,1611,406
11/1/2012,2012,1,11,10,4,13,3187,1411,2423,3732,2979,1838,769,1269,572,564,237,90,61,252,145,1108,1593,369
11/1/2012,2012,1,11,10,4,14,3004,703,1833,3090,2257,1768,568,1251,405,333,195,105,87,120,191,1090,1477,406
11/1/2012,2012,1,11,10,4,15,2958,588,1458,2901,2190,1801,782,1134,475,364,146,116,37,149,246,1328,1590,427
11/1/2012,2012,1,11,10,4,16,2925,663,1404,2641,2155,1880,1628,1347,829,928,409,141,63,198,274,1315,2105,643
11/1/2012,2012,1,11,10,4,17,2883,1274,1433,2556,2388,1971,3550,1555,1628,1952,791,225,92,504,477,1961,3826,1195
11/1/2012,2012,1,11,10,4,18,2461,768,733,1428,1700,1956,1343,1180,669,708,406,197,74,273,385,1189,2063,674
11/1/2012,2012,1,11,10,4,19,1443,324,368,637,917,1352,406,823,218,219,180,108,61,116,218,780,1150,394
11/1/2012,2012,1,11,10,4,20,1242,244,289,427,622,1246,264,726,99,143,83,78,32,57,162,475,815,263
11/1/2012,2012,1,11,10,4,21,1098,126,194,284,367,965,140,421,100,76,75,57,22,27,118,517,681,170
11/1/2012,2012,1,11,10,4,22,755,112,125,212,229,621,74,226,31,37,34,38,15,18,26,481,659,201
11/1/2012,2012,1,11,10,4,23,555,76,97,138,122,361,53,211,29,13,4,15,19,13,18,198,339,148
12/1/2012,2012,1,12,10,5,0,202,18,46,64,50,192,27,92,14,12,10,1,7,3,4,82,141,53
12/1/2012,2012,1,12,10,5,1,59,13,14,20,31,80,10,45,5,7,7,0,0,3,0,22,38,19
12/1/2012,2012,1,12,10,5,2,47,14,16,33,23,50,6,16,3,0,2,2,2,3,0,38,22,14
12/1/2012,2012,1,12,10,5,3,20,14,5,10,12,13,15,10,3,4,5,0,0,0,2,19,21,10
12/1/2012,2012,1,12,10,5,4,29,6,7,10,16,26,0,15,1,1,0,0,3,2,8,40,57,33
12/1/2012,2012,1,12,10,5,5,47,25,15,9,19,31,54,26,21,30,13,6,2,18,9,62,81,38
12/1/2012,2012,1,12,10,5,6,109,208,71,87,41,78,392,77,128,249,66,28,9,54,55,176,346,127
12/1/2012,2012,1,12,10,5,7,344,602,317,288,184,230,1659,181,639,792,322,80,16,254,233,514,1215,308
12/1/2012,2012,1,12,10,5,8,843,1648,759,775,550,507,4460,582,1603,1936,766,118,35,432,377,1108,2938,830
12/1/2012,2012,1,12,10,5,9,978,1143,782,766,625,576,2012,480,816,1008,420,112,42,150,177,715,1588,345
12/1/2012,2012,1,12,10,5,10,1587,646,1081,1246,989,770,679,474,418,322,200,94,23,83,164,687,928,234
12/1/2012,2012,1,12,10,5,11,2061,657,1358,2097,1590,1027,620,660,418,271,140,83,23,95,160,919,1112,252
12/1/2012,2012,1,12,10,5,12,3319,1462,2477,3558,2893,2037,827,1316,607,925,442,287,156,391,277,1287,1930,526
12/1/2012,2012,1,12,10,5,13,3885,1581,2751,4334,3429,2325,853,1548,685,794,299,304,148,421,369,1339,2200,592
12/1/2012,2012,1,12,10,5,14,3405,876,2017,3403,2810,2075,668,1462,526,329,188,254,131,175,292,1339,1713,480
12/1/2012,2012,1,12,10,5,15,3230,657,1716,3103,2500,2179,870,1392,527,433,179,257,142,168,330,1468,1749,559
12/1/2012,2012,1,12,10,5,16,3142,738,1549,3039,2498,2191,1674,1416,846,977,420,275,99,226,361,1595,2315,627
12/1/2012,2012,1,12,10,5,17,3133,1272,1532,2908,2469,2393,3549,1653,1722,2072,845,400,146,537,591,2171,3966,1153
12/1/2012,2012,1,12,10,5,18,2510,761,897,2116,2124,2147,1300,1371,672,782,573,497,146,381,442,1493,2339,701
12/1/2012,2012,1,12,10,5,19,1966,467,463,1089,1309,1767,368,980,233,253,202,275,130,129,234,1026,1280,381
12/1/2012,2012,1,12,10,5,20,1670,305,333,602,973,1562,185,899,102,105,100,254,93,106,198,749,979,311
12/1/2012,2012,1,12,10,5,21,1296,267,272,334,560,1350,118,619,103,91,88,120,63,57,107,821,1004,443
12/1/2012,2012,1,12,10,5,22,1145,120,181,281,245,809,69,339,80,81,126,318,64,76,76,659,681,276
12/1/2012,2012,1,12,10,5,23,605,95,115,189,155,572,44,217,46,46,25,54,15,12,26,440,495,242
1/13/2012,2012,1,13,10,6,0,731,49,64,96,71,234,29,130,26,15,24,16,12,3,31,157,196,77
1/13/2012,2012,1,13,10,6,1,217,20,26,46,39,99,5,61,8,5,11,4,0,7,19,54,69,34
1/13/2012,2012,1,13,10,6,2,102,10,20,17,39,72,7,36,12,3,7,5,1,2,3,47,54,33
1/13/2012,2012,1,13,10,6,3,75,17,21,77,47,44,4,26,2,4,4,3,2,1,4,38,58,33
1/13/2012,2012,1,13,10,6,4,71,17,14,15,40,41,5,19,4,5,3,4,0,2,4,44,75,54
1/13/2012,2012,1,13,10,6,5,66,44,12,21,15,43,59,23,25,23,10,4,3,15,12,76,99,38
1/13/2012,2012,1,13,10,6,6,118,153,70,87,50,98,392,59,156,242,59,42,17,53,51,191,357,125
1/13/2012,2012,1,13,10,6,7,351,589,306,296,185,206,1567,212,578,750,259,76,25,225,196,528,1118,320
1/13/2012,2012,1,13,10,6,8,866,1653,779,779,592,511,4504,559,1596,1915,699,123,37,410,350,1143,2885,786
1/13/2012,2012,1,13,10,6,9,1008,1115,850,909,715,501,1932,363,771,970,367,90,17,159,169,608,1495,343
1/13/2012,2012,1,13,10,6,10,1589,580,1089,1278,1016,767,648,483,430,347,209,80,26,111,152,883,965,271
1/13/2012,2012,1,13,10,6,11,2259,613,1525,2311,1654,1181,573,725,354,267,169,92,53,142,217,1106,1253,298
1/13/2012,2012,1,13,10,6,12,3497,1365,2603,3741,2960,1794,727,1123,584,828,407,146,44,321,257,1132,1816,454
1/13/2012,2012,1,13,10,6,13,3811,1361,2800,4143,3485,2232,755,1493,615,847,323,267,137,331,400,1295,2015,484
1/13/2012,2012,1,13,10,6,14,3771,741,2239,3374,2627,2186,594,1389,485,438,173,258,116,217,384,1297,1712,469
1/13/2012,2012,1,13,10,6,15,3439,673,1830,3306,2581,1971,834,1410,578,467,227,219,121,144,439,1492,1935,526
1/13/2012,2012,1,13,10,6,16,3414,775,1559,3186,2476,2062,1677,1384,853,1166,460,214,133,233,448,1774,2393,609
1/13/2012,2012,1,13,10,6,17,3738,1287,1742,3455,3057,2460,3006,1693,1332,1691,672,283,114,513,595,2208,3921,1035
1/13/2012,2012,1,13,10,6,18,3157,705,1202,2533,2635,2221,1050,1345,501,547,303,285,102,287,623,1588,2270,712
1/13/2012,2012,1,13,10,6,19,2403,433,702,1900,2012,1909,363,1078,252,230,189,254,124,138,785,1203,1434,455
1/13/2012,2012,1,13,10,6,20,2030,360,474,1359,1572,1833,228,1107,174,152,93,206,111,86,236,837,1170,323
1/13/2012,2012,1,13,10,6,21,1727,301,352,629,845,1856,186,896,161,111,109,121,53,59,171,989,1255,441
1/13/2012,2012,1,13,10,6,22,1490,209,269,392,400,1457,118,749,103,73,116,120,47,42,984,1042,1122,428
1/13/2012,2012,1,13,10,6,23,1006,179,161,316,331,1071,69,486,95,32,79,85,29,15,60,712,807,269
1/14/2012,2012,1,14,20,7,0,814,95,83,247,178,670,29,390,51,44,27,32,12,17,39,409,593,223
1/14/2012,2012,1,14,20,7,1,455,69,82,148,161,449,21,251,36,14,22,29,14,6,11,174,215,92
1/14/2012,2012,1,14,20,7,2,377,45,33,78,70,261,12,112,12,13,21,14,1,5,8,131,170,78
1/14/2012,2012,1,14,20,7,3,276,18,33,45,53,176,4,68,14,4,20,8,1,3,10,85,109,45
1/14/2012,2012,1,14,20,7,4,137,6,16,76,29,116,6,41,8,2,6,7,8,1,1,51,86,50
1/14/2012,2012,1,14,20,7,5,91,10,16,22,13,64,13,29,14,13,4,7,6,3,13,64,110,59
1/14/2012,2012,1,14,20,7,6,114,27,27,43,31,70,13,30,11,11,12,19,6,14,24,55,116,45
1/14/2012,2012,1,14,20,7,7,167,42,55,58,65,134,18,66,27,48,22,43,11,43,80,70,159,65
1/14/2012,2012,1,14,20,7,8,358,104,202,229,184,231,35,91,73,57,31,60,33,63,147,181,276,95
1/14/2012,2012,1,14,20,7,9,714,125,464,532,429,374,44,159,93,66,72,63,34,85,217,278,521,166
1/14/2012,2012,1,14,20,7,10,1280,188,814,1161,854,573,86,407,98,87,94,122,63,106,313,542,776,276
1/14/2012,2012,1,14,20,7,11,1926,231,1131,1882,1555,1039,68,549,129,77,60,213,102,151,411,828,1044,341
1/14/2012,2012,1,14,20,7,12,2430,261,1280,2483,1955,1578,60,883,147,103,101,197,114,150,430,1072,1096,345
1/14/2012,2012,1,14,20,7,13,2866,218,1598,2841,2363,1877,78,1078,137,79,86,327,214,136,602,1311,1214,390
1/14/2012,2012,1,14,20,7,14,2975,287,1552,3226,2593,2063,64,1268,155,117,68,370,244,172,717,1345,1477,463
1/14/2012,2012,1,14,20,7,15,3211,328,1529,3335,2705,2194,45,1310,143,68,86,329,187,154,626,1516,1456,486
1/14/2012,2012,1,14,20,7,16,2913,284,1304,3103,2343,2036,55,1272,142,101,97,387,256,140,621,1422,1703,537
1/14/2012,2012,1,14,20,7,17,2757,336,909,2238,1884,1756,58,1206,198,110,96,295,177,158,567,1474,1437,472
1/14/2012,2012,1,14,20,7,18,2015,457,549,1093,1338,1976,59,945,106,126,115,341,156,104,481,1130,1455,434
1/14/2012,2012,1,14,20,7,19,1624,353,380,616,873,1588,53,839,96,81,100,335,176,63,190,1135,1152,339
1/14/2012,2012,1,14,20,7,20,1498,391,279,372,668,1638,43,758,85,59,87,253,148,56,120,949,1057,342
1/14/2012,2012,1,14,20,7,21,1281,270,256,371,475,1410,45,647,79,52,126,245,154,50,83,904,1134,462
1/14/2012,2012,1,14,20,7,22,1131,176,247,326,332,1219,52,561,75,57,126,189,103,28,81,890,1127,333
1/14/2012,2012,1,14,20,7,23,933,133,187,348,301,1070,58,421,66,44,84,156,51,35,24,703,876,322
1/15/2012,2012,1,15,20,1,0,694,132,147,282,232,741,27,302,34,27,71,78,16,13,20,553,705,247
1/15/2012,2012,1,15,20,1,1,500,54,132,181,134,451,19,219,44,12,47,48,3,3,11,243,353,107
1/15/2012,2012,1,15,20,1,2,407,31,90,180,122,314,4,142,50,11,15,24,11,4,11,176,234,88
1/15/2012,2012,1,15,20,1,3,454,19,76,144,115,265,2,88,14,9,8,19,9,3,11,104,167,80
1/15/2012,2012,1,15,20,1,4,204,34,51,97,68,109,5,33,7,8,5,14,1,4,8,42,66,43
1/15/2012,2012,1,15,20,1,5,91,23,16,28,30,73,10,21,21,7,11,17,11,4,10,50,82,37
1/15/2012,2012,1,15,20,1,6,102,25,27,31,47,51,3,25,22,9,8,4,1,8,27,53,53,24
1/15/2012,2012,1,15,20,1,7,182,32,65,75,38,136,12,33,24,26,11,25,11,32,132,74,158,62
1/15/2012,2012,1,15,20,1,8,242,87,99,130,91,193,25,63,64,38,30,59,53,66,273,142,257,104
1/15/2012,2012,1,15,20,1,9,609,144,280,371,326,290,38,147,110,82,59,101,126,135,463,379,500,173
1/15/2012,2012,1,15,20,1,10,1014,159,605,937,839,535,50,339,141,77,62,229,362,121,797,790,802,268
1/15/2012,2012,1,15,20,1,11,1719,275,931,1659,1369,827,78,631,117,76,80,323,558,210,1771,1340,1097,398
1/15/2012,2012,1,15,20,1,12,2756,624,1104,2126,1885,1325,68,844,125,88,83,629,854,179,3346,1558,1187,384
1/15/2012,2012,1,15,20,1,13,2900,275,1189,2598,2413,2393,58,1403,137,68,54,618,941,185,4954,1812,1395,491
1/15/2012,2012,1,15,20,1,14,2874,377,1271,3054,2613,2157,84,1670,206,70,57,862,1146,203,5856,2018,1710,604
1/15/2012,2012,1,15,20,1,15,2981,296,1179,3144,2648,1962,76,1227,149,69,77,863,1111,194,6036,1925,1682,588
1/15/2012,2012,1,15,20,1,16,2821,261,1011,2925,2360,1838,63,1330,131,82,99,701,1007,214,5123,1734,1672,536
1/15/2012,2012,1,15,20,1,17,2611,255,643,2247,1844,1940,53,1087,93,93,140,655,714,165,4620,1589,1470,603
1/15/2012,2012,1,15,20,1,18,1862,241,397,970,1244,1643,63,957,91,100,100,440,381,128,3865,1153,1281,474
1/15/2012,2012,1,15,20,1,19,1533,229,328,487,720,1524,43,694,72,68,75,479,318,84,1994,906,1105,361
1/15/2012,2012,1,15,20,1,20,1488,171,246,394,476,1251,43,581,82,69,94,449,229,63,968,888,1052,383
1/15/2012,2012,1,15,20,1,21,1236,147,188,307,325,1061,49,424,69,60,69,227,135,61,606,738,863,321
1/15/2012,2012,1,15,20,1,22,962,168,159,209,267,716,17,345,128,41,35,94,29,28,906,629,701,222
1/15/2012,2012,1,15,20,1,23,1066,57,118,147,116,429,27,157,41,35,27,39,5,17,72,332,425,189
1/16/2012,2012,1,16,10,2,0,221,25,32,63,41,167,5,92,10,23,24,15,8,9,23,119,179,81
1/16/2012,2012,1,16,10,2,1,72,18,28,46,12,54,5,54,5,14,14,3,0,3,12,54,83,28
1/16/2012,2012,1,16,10,2,2,39,6,10,23,5,33,9,16,10,0,3,4,5,0,2,33,39,21
1/16/2012,2012,1,16,10,2,3,44,10,14,20,4,26,7,7,6,5,1,2,5,1,3,16,19,12
1/16/2012,2012,1,16,10,2,4,29,6,5,33,13,26,3,16,3,4,4,8,4,0,5,38,49,29
1/16/2012,2012,1,16,10,2,5,58,40,15,14,16,36,53,23,28,29,14,9,9,21,27,66,105,48
1/16/2012,2012,1,16,10,2,6,154,168,72,106,51,116,484,48,145,300,91,55,20,119,129,253,396,132
1/16/2012,2012,1,16,10,2,7,417,650,361,318,213,307,1775,178,648,959,349,119,36,285,391,698,1294,374
1/16/2012,2012,1,16,10,2,8,1002,1905,1029,893,644,715,5003,678,1805,2188,822,189,73,517,607,1637,3473,936
1/16/2012,2012,1,16,10,2,9,1464,1161,886,1198,796,693,1890,464,829,791,379,131,48,169,1102,883,1551,434
1/16/2012,2012,1,16,10,2,10,2017,636,1036,1781,1173,959,749,561,442,380,161,110,25,122,1962,878,1103,320
1/16/2012,2012,1,16,10,2,11,2256,579,1422,2082,1690,1047,587,725,401,319,195,169,98,147,1309,947,1173,292
1/16/2012,2012,1,16,10,2,12,3440,1726,2756,3845,3199,1992,979,1391,694,883,409,264,122,443,758,1510,2110,500
1/16/2012,2012,1,16,10,2,13,3736,1676,2947,4349,3858,2298,1198,1457,741,813,309,332,157,426,633,1394,2192,464
1/16/2012,2012,1,16,10,2,14,3255,729,1774,2946,2557,2044,676,775,476,394,187,184,86,155,513,1314,1761,393
1/16/2012,2012,1,16,10,2,15,3184,619,1619,2671,2499,2007,936,975,518,477,233,148,78,114,525,1564,1621,434
1/16/2012,2012,1,16,10,2,16,2913,727,1293,2443,2196,1959,1851,982,885,977,435,129,61,228,637,1519,2126,587
1/16/2012,2012,1,16,10,2,17,3176,1365,1365,2411,2376,2002,3838,1470,1647,2113,947,154,76,553,1638,2337,4001,1121
1/16/2012,2012,1,16,10,2,18,2398,830,783,1318,1780,1923,1385,1116,683,831,438,203,173,353,1768,1348,1959,584
1/16/2012,2012,1,16,10,2,19,1591,382,441,756,884,1392,383,777,219,270,153,188,89,141,1054,1024,1154,310
1/16/2012,2012,1,16,10,2,20,1272,339,296,573,601,1183,192,676,142,127,123,307,144,94,1071,797,913,250
1/16/2012,2012,1,16,10,2,21,1119,274,271,316,403,1102,140,507,136,94,111,260,203,82,730,736,955,297
1/16/2012,2012,1,16,10,2,22,932,198,200,263,224,811,59,312,109,60,46,179,150,40,654,612,788,260
1/16/2012,2012,1,16,10,2,23,662,172,112,210,129,482,41,205,54,22,23,65,34,18,1005,672,501,188
1/17/2012,2012,1,17,10,3,0,217,50,37,72,58,178,27,95,15,20,17,21,10,15,36,203,194,61
1/17/2012,2012,1,17,10,3,1,86,22,20,70,5,64,5,47,10,9,12,16,11,9,14,51,47,14
1/17/2012,2012,1,17,10,3,2,42,15,15,20,3,43,7,29,7,0,0,2,12,2,9,33,23,13
1/17/2012,2012,1,17,10,3,3,15,12,8,9,1,35,5,21,6,2,2,1,0,2,33,20,12,8
1/17/2012,2012,1,17,10,3,4,39,11,10,30,8,20,7,20,8,3,2,3,0,4,4,25,43,27
1/17/2012,2012,1,17,10,3,5,46,38,14,24,33,54,59,17,21,34,22,18,17,26,26,70,107,44
1/17/2012,2012,1,17,10,3,6,168,203,98,97,90,120,490,68,167,382,107,57,18,121,131,289,390,154
1/17/2012,2012,1,17,10,3,7,399,627,381,324,245,281,1872,223,657,996,379,121,57,330,354,681,1317,404
1/17/2012,2012,1,17,10,3,8,1008,1941,987,840,589,642,4824,676,1770,2075,767,204,61,447,518,1533,3464,893
1/17/2012,2012,1,17,10,3,9,1341,1054,1097,1204,710,625,2067,511,890,802,397,108,39,167,704,859,1745,417
1/17/2012,2012,1,17,10,3,10,1897,663,985,1648,1104,845,767,566,455,345,230,115,45,100,944,666,1187,332
1/17/2012,2012,1,17,10,3,11,2069,576,1378,1945,1568,950,610,696,429,295,204,129,58,109,963,804,1106,343
1/17/2012,2012,1,17,10,3,12,2985,1633,2585,3285,2775,1659,937,1379,634,915,420,256,104,354,470,1143,1892,422
1/17/2012,2012,1,17,10,3,13,3425,1545,2777,4010,3285,1897,1086,1276,767,806,301,208,88,335,422,1102,1971,383
1/17/2012,2012,1,17,10,3,14,2998,751,1805,2511,2286,1724,700,978,500,374,213,184,107,145,399,1069,1408,286
1/17/2012,2012,1,17,10,3,15,2600,644,1483,2429,2010,1749,911,1039,547,462,256,136,74,142,420,1145,1681,459
1/17/2012,2012,1,17,10,3,16,2943,691,1288,2388,1871,1709,1828,1132,973,977,491,125,68,212,1400,1410,2174,555
1/17/2012,2012,1,17,10,3,17,2990,1304,1331,2358,2157,1963,3898,144,1704,2206,902,193,87,522,1468,2191,3881,1105
1/17/2012,2012,1,17,10,3,18,2352,880,768,1461,1611,2049,1432,0,673,790,431,232,77,328,1452,1451,2189,658
1/17/2012,2012,1,17,10,3,19,1512,346,407,659,850,1486,388,0,232,256,184,319,131,145,596,911,1103,331
1/17/2012,2012,1,17,10,3,20,1226,248,256,433,593,1323,234,2,138,138,98,354,190,120,628,772,1002,284
1/17/2012,2012,1,17,10,3,21,1122,226,204,336,348,1190,150,0,106,96,90,364,266,79,490,888,942,277
1/17/2012,2012,1,17,10,3,22,866,142,143,214,251,864,71,0,57,29,52,243,126,40,689,625,756,190
1/17/2012,2012,1,17,10,3,23,470,74,104,115,127,507,59,61,27,33,39,127,36,13,349,425,455,182
1/18/2012,2012,1,18,10,4,0,379,55,98,89,43,249,20,121,24,21,8,9,5,8,368,242,249,100
1/18/2012,2012,1,18,10,4,1,168,34,19,35,19,111,10,44,8,14,2,29,5,6,354,88,101,22
1/18/2012,2012,1,18,10,4,2,63,5,13,11,21,64,9,25,3,5,3,5,13,2,5,14,36,13
1/18/2012,2012,1,18,10,4,3,39,18,7,34,9,33,6,19,4,0,3,6,3,2,27,31,27,4
1/18/2012,2012,1,18,10,4,4,48,12,5,5,13,22,2,13,5,3,0,2,1,0,6,34,48,38
1/18/2012,2012,1,18,10,4,5,53,37,28,10,33,47,58,17,23,34,19,9,12,20,22,62,109,42
1/18/2012,2012,1,18,10,4,6,152,207,76,107,54,126,493,62,178,375,109,60,21,111,133,263,447,169
1/18/2012,2012,1,18,10,4,7,435,716,350,317,190,262,1810,208,665,971,326,98,34,287,320,668,1368,395
1/18/2012,2012,1,18,10,4,8,1019,1940,897,905,629,651,4813,687,1729,1897,722,182,55,475,516,1534,3322,914
1/18/2012,2012,1,18,10,4,9,1406,1260,1077,1208,773,640,2019,485,954,820,411,127,33,155,767,906,1662,399
1/18/2012,2012,1,18,10,4,10,1912,650,1167,1716,1080,774,735,542,531,323,274,104,53,116,1792,1018,1182,311
1/18/2012,2012,1,18,10,4,11,2413,639,1478,2334,1543,1006,622,844,407,335,201,192,122,141,1198,1198,1273,336
1/18/2012,2012,1,18,10,4,12,3443,1569,2284,3958,2686,1699,915,1349,801,819,399,304,196,442,883,1497,2085,590
1/18/2012,2012,1,18,10,4,13,3931,1676,2568,4320,3183,2089,1152,1571,677,700,353,379,184,391,713,1440,2301,539
1/18/2012,2012,1,18,10,4,14,3332,838,1963,3311,2721,1852,715,1400,501,395,193,248,145,155,568,1440,1748,489
1/18/2012,2012,1,18,10,4,15,3295,717,1779,3026,2496,1848,926,1253,514,493,217,250,171,159,546,1732,1822,522
1/18/2012,2012,1,18,10,4,16,3506,728,1611,2948,2348,2029,1737,1393,966,1045,471,247,110,271,1403,2376,2313,672
1/18/2012,2012,1,18,10,4,17,3465,1461,1509,2826,2317,2044,3690,1625,1558,2149,811,230,125,586,1842,2430,4110,1227
1/18/2012,2012,1,18,10,4,18,2609,885,902,1695,1806,1957,1441,1347,731,796,447,294,157,306,1636,1797,2326,732
1/18/2012,2012,1,18,10,4,19,1701,411,452,850,1023,1453,461,920,235,273,221,287,169,157,938,1117,1344,371
1/18/2012,2012,1,18,10,4,20,1261,352,299,505,628,1324,270,820,155,140,116,225,108,90,471,718,947,292
1/18/2012,2012,1,18,10,4,21,1184,197,265,369,383,1122,144,523,103,85,101,234,97,45,809,986,969,284
1/18/2012,2012,1,18,10,4,22,866,147,191,277,254,842,75,390,64,72,70,90,47,31,431,725,905,271
1/18/2012,2012,1,18,10,4,23,621,97,123,167,118,481,80,214,54,34,22,39,10,18,627,563,534,215
1/19/2012,2012,1,19,10,5,0,332,49,44,80,55,222,46,118,26,17,15,12,5,9,294,227,218,84
1/19/2012,2012,1,19,10,5,1,103,29,21,28,43,68,5,34,7,0,2,3,1,1,9,40,57,16
1/19/2012,2012,1,19,10,5,2,49,16,12,29,12,63,8,33,2,0,1,1,3,4,4,28,42,10
1/19/2012,2012,1,19,10,5,3,38,11,13,17,14,26,2,14,6,7,5,4,2,0,8,24,18,20
1/19/2012,2012,1,19,10,5,4,32,12,9,3,13,24,2,9,4,2,1,5,7,6,19,41,47,37
1/19/2012,2012,1,19,10,5,5,37,38,18,59,14,37,57,20,16,29,19,22,14,24,10,57,121,48
1/19/2012,2012,1,19,10,5,6,145,206,93,85,59,122,466,61,159,360,114,58,25,128,124,264,440,149
1/19/2012,2012,1,19,10,5,7,421,618,349,316,231,280,1814,212,603,940,306,138,57,336,324,737,1299,388
1/19/2012,2012,1,19,10,5,8,996,1899,970,922,661,625,4911,612,1790,2217,863,177,65,526,551,1589,3452,953
1/19/2012,2012,1,19,10,5,9,1509,1344,1152,1236,788,678,2231,560,977,963,405,152,56,191,854,1123,1772,496
1/19/2012,2012,1,19,10,5,10,2074,689,1298,1616,1237,921,781,593,489,369,258,173,89,96,2217,1094,1337,371
1/19/2012,2012,1,19,10,5,11,2504,705,1627,2387,1760,1099,657,778,510,405,217,229,108,155,1317,1264,1397,387
1/19/2012,2012,1,19,10,5,12,3511,1716,2650,3977,3004,1849,895,1468,808,964,432,377,221,496,840,1656,2451,626
1/19/2012,2012,1,19,10,5,13,4191,1800,2994,4699,3654,2337,1299,1692,837,932,318,406,258,453,862,1775,2479,574
1/19/2012,2012,1,19,10,5,14,3698,925,2066,3472,2773,2065,671,1310,571,414,235,274,206,220,717,1545,1786,492
1/19/2012,2012,1,19,10,5,15,3422,726,1828,3323,2512,1968,928,1234,607,473,261,310,191,168,781,1944,1954,524
1/19/2012,2012,1,19,10,5,16,3570,804,1691,3099,2489,2053,1865,1437,931,1168,450,570,102,279,1729,2070,2600,698
1/19/2012,2012,1,19,10,5,17,3809,1524,1679,3254,2770,2192,3631,1655,1691,2289,916,369,141,617,2193,2689,4170,1239
1/19/2012,2012,1,19,10,5,18,2886,927,1031,2287,2186,2091,1351,1313,726,789,481,342,158,383,2997,1865,2514,773
1/19/2012,2012,1,19,10,5,19,2412,484,562,1282,1504,1707,429,980,280,317,170,266,175,174,1597,1303,1328,403
1/19/2012,2012,1,19,10,5,20,1727,345,366,714,1096,1432,256,807,195,142,124,322,172,95,527,871,1198,332
1/19/2012,2012,1,19,10,5,21,1315,265,278,422,539,1326,128,575,92,96,78,201,136,79,465,939,1014,328
1/19/2012,2012,1,19,10,5,22,983,182,217,267,302,793,92,385,74,77,63,80,26,25,1955,1053,863,319
1/19/2012,2012,1,19,10,5,23,913,187,205,210,189,537,70,260,91,45,35,55,33,15,2100,715,739,242
1/20/2012,2012,1,20,10,6,0,301,61,60,114,50,303,34,101,26,14,11,15,7,6,30,275,269,114
1/20/2012,2012,1,20,10,6,1,143,53,16,56,53,102,6,76,18,17,3,2,3,1,5,82,113,56
1/20/2012,2012,1,20,10,6,2,84,16,22,31,33,63,6,42,18,7,2,1,2,1,19,27,40,19
1/20/2012,2012,1,20,10,6,3,69,10,13,12,34,46,2,30,9,1,6,9,4,3,13,47,29,17
1/20/2012,2012,1,20,10,6,4,50,14,7,34,13,32,5,11,1,0,0,0,2,3,16,59,69,51
1/20/2012,2012,1,20,10,6,5,69,42,15,15,22,52,62,24,19,27,26,18,13,24,18,73,139,48
1/20/2012,2012,1,20,10,6,6,159,210,77,100,52,142,457,70,155,401,104,51,30,110,128,263,376,154
1/20/2012,2012,1,20,10,6,7,419,552,368,285,203,231,1673,219,664,1031,275,126,51,260,278,629,1291,352
1/20/2012,2012,1,20,10,6,8,1016,1771,938,850,658,607,4652,623,1638,2426,723,177,58,506,437,1472,3213,870
1/20/2012,2012,1,20,10,6,9,1551,1223,1149,1193,835,704,2134,514,983,1171,450,144,55,175,688,946,1865,434
1/20/2012,2012,1,20,10,6,10,2133,703,1471,1709,1282,901,838,624,495,452,275,154,68,133,2250,1033,1231,396
1/20/2012,2012,1,20,10,6,11,2516,627,1857,2432,1688,1243,692,817,450,416,184,177,101,131,1326,1215,1339,416
1/20/2012,2012,1,20,10,6,12,3700,1491,2819,3888,3186,2087,858,1395,720,1130,338,369,132,441,874,1689,2348,640
1/20/2012,2012,1,20,10,6,13,4022,1546,3123,4653,3561,2400,1121,1521,723,969,338,382,186,412,701,1549,2337,539
1/20/2012,2012,1,20,10,6,14,3581,788,2094,3532,2745,1975,737,1342,539,503,236,223,139,199,541,1535,1890,490
1/20/2012,2012,1,20,10,6,15,3527,617,1902,3298,2595,2063,914,1390,581,638,275,208,123,193,689,1574,1920,542
1/20/2012,2012,1,20,10,6,16,3624,875,1637,3526,2419,2074,1725,1363,910,1106,454,235,132,299,1439,1929,2545,733
1/20/2012,2012,1,20,10,6,17,3836,1350,1926,3367,2901,2370,3109,1773,1406,1935,680,271,72,545,2498,2568,3952,1186
1/20/2012,2012,1,20,10,6,18,3496,774,1412,2705,2481,2345,1108,1443,581,719,300,318,143,316,3012,1899,2743,823
1/20/2012,2012,1,20,10,6,19,2659,523,847,2001,1958,1995,352,1151,313,276,174,325,143,165,846,1494,1543,435
1/20/2012,2012,1,20,10,6,20,1926,357,508,1292,1500,1732,240,989,137,127,93,324,193,86,279,951,1348,389
1/20/2012,2012,1,20,10,6,21,1779,325,331,811,936,1772,147,927,135,136,99,269,172,73,345,1131,1182,261
1/20/2012,2012,1,20,10,6,22,1273,228,340,467,442,1473,88,658,152,93,87,219,71,36,235,1012,1207,415
1/20/2012,2012,1,20,10,6,23,1333,265,268,379,349,1255,90,530,126,63,66,178,47,33,1396,1089,1072,365
1/21/2012,2012,1,21,20,7,0,910,137,191,241,212,722,40,349,64,60,55,53,13,19,1025,600,666,254
1/21/2012,2012,1,21,20,7,1,483,37,75,112,126,446,21,192,25,16,21,39,11,4,40,187,287,106
1/21/2012,2012,1,21,20,7,2,296,20,39,119,96,249,5,109,13,11,21,6,16,9,17,119,237,54
1/21/2012,2012,1,21,20,7,3,225,28,54,76,66,210,17,74,20,11,27,25,4,8,18,51,106,56
1/21/2012,2012,1,21,20,7,4,98,18,24,48,20,100,3,36,16,9,8,8,8,5,7,85,114,81
1/21/2012,2012,1,21,20,7,5,108,30,16,32,28,47,7,35,15,12,14,14,7,11,8,76,125,82
1/21/2012,2012,1,21,20,7,6,118,55,51,33,28,62,10,29,17,42,16,19,10,29,31,70,134,47
1/21/2012,2012,1,21,20,7,7,244,56,108,94,56,170,16,64,40,92,41,52,15,59,99,142,311,133
1/21/2012,2012,1,21,20,7,8,478,119,272,286,235,233,41,108,98,92,60,88,37,104,197,243,392,161
1/21/2012,2012,1,21,20,7,9,1154,233,718,787,675,449,83,243,147,99,109,129,51,107,743,483,701,264
1/21/2012,2012,1,21,20,7,10,1915,309,1306,1646,1208,726,67,459,140,104,159,213,76,145,2690,832,1117,406
1/21/2012,2012,1,21,20,7,11,2636,277,1453,2392,1893,1064,80,690,174,108,135,259,123,150,2209,1275,1215,411
1/21/2012,2012,1,21,20,7,12,3007,316,1654,2875,2433,1636,89,856,185,88,105,318,161,157,1654,1572,1513,592
1/21/2012,2012,1,21,20,7,13,3317,296,1693,3282,2793,1948,73,1170,170,123,58,344,224,141,1378,1522,1319,402
1/21/2012,2012,1,21,20,7,14,3206,268,1721,3603,3107,1950,65,1381,161,134,79,336,216,183,1045,1761,1650,385
1/21/2012,2012,1,21,20,7,15,3485,402,1618,3571,3183,2050,55,1357,182,81,121,416,236,179,1296,1921,1833,409
1/21/2012,2012,1,21,20,7,16,3468,333,1469,3366,2759,1956,56,1264,164,108,96,360,206,148,1950,1806,1780,535
1/21/2012,2012,1,21,20,7,17,3076,537,1057,2487,2076,1779,66,1209,167,122,89,401,236,166,2653,1908,1874,556
1/21/2012,2012,1,21,20,7,18,2303,480,567,1157,1491,1795,48,965,141,115,106,527,287,120,1908,1631,1656,499
1/21/2012,2012,1,21,20,7,19,1892,314,454,623,973,1639,70,834,138,69,103,524,264,99,958,1626,1318,445
1/21/2012,2012,1,21,20,7,20,1638,398,277,518,692,1430,39,757,122,63,88,617,358,89,772,1376,1224,409
1/21/2012,2012,1,21,20,7,21,1662,273,279,432,539,1550,44,625,96,86,89,531,320,46,646,1403,1188,340
1/21/2012,2012,1,21,20,7,22,1462,209,280,352,444,1286,39,635,129,46,97,293,163,64,835,1289,1166,409
1/21/2012,2012,1,21,20,7,23,1262,184,329,312,315,1111,45,444,94,52,75,248,74,25,732,1107,1015,415
1/22/2012,2012,1,22,20,1,0,1293,150,309,377,254,790,33,368,89,58,80,130,32,25,1801,882,865,279
1/22/2012,2012,1,22,20,1,1,659,85,144,222,185,483,18,253,45,15,33,35,15,9,70,415,381,179
1/22/2012,2012,1,22,20,1,2,681,66,158,144,142,316,34,153,50,15,24,24,7,7,33,373,224,110
1/22/2012,2012,1,22,20,1,3,419,32,101,153,171,344,19,113,20,14,31,20,6,3,28,271,197,65
1/22/2012,2012,1,22,20,1,4,202,44,30,119,55,114,16,56,8,12,5,7,6,5,4,107,102,49
1/22/2012,2012,1,22,20,1,5,128,14,22,37,34,61,3,24,18,10,11,11,3,4,3,78,74,39
1/22/2012,2012,1,22,20,1,6,112,17,22,57,44,44,7,20,9,8,10,11,8,18,35,39,70,37
1/22/2012,2012,1,22,20,1,7,185,50,64,64,45,92,11,49,40,40,13,33,18,53,97,105,202,91
1/22/2012,2012,1,22,20,1,8,379,90,200,183,109,182,23,89,51,34,44,72,48,107,236,224,352,140
1/22/2012,2012,1,22,20,1,9,839,197,468,540,411,377,35,194,114,73,63,174,208,132,709,592,703,225
1/22/2012,2012,1,22,20,1,10,1449,275,855,1556,953,686,47,387,131,129,86,217,462,172,1776,1020,998,341
1/22/2012,2012,1,22,20,1,11,2163,267,1108,2102,1623,877,58,567,145,98,105,226,491,195,1707,1468,1266,353
1/22/2012,2012,1,22,20,1,12,2441,258,1271,2474,2122,1292,46,918,167,80,80,410,650,205,876,1529,1387,323
1/22/2012,2012,1,22,20,1,13,2836,206,1319,2781,2437,1694,59,961,113,79,117,474,617,173,790,1922,1431,388
1/22/2012,2012,1,22,20,1,14,2648,235,1220,2795,2746,1956,56,967,133,71,91,441,1069,155,689,2022,1522,447
1/22/2012,2012,1,22,20,1,15,2849,250,1134,2737,2713,1855,57,833,190,76,87,339,852,139,741,1937,1398,433
1/22/2012,2012,1,22,20,1,16,2643,220,1052,2198,2157,1681,39,581,113,72,98,270,635,108,852,1747,1518,383
1/22/2012,2012,1,22,20,1,17,2420,199,559,1504,1583,1849,46,916,108,86,92,288,307,105,1032,1452,1384,290
1/22/2012,2012,1,22,20,1,18,1720,190,361,666,1051,1454,56,686,85,86,129,301,176,87,2035,1170,1218,247
1/22/2012,2012,1,22,20,1,19,1340,133,275,450,641,1243,49,718,58,84,140,281,150,70,751,938,929,249
1/22/2012,2012,1,22,20,1,20,1032,116,211,320,478,1051,49,630,78,53,45,400,230,62,428,889,831,244
1/22/2012,2012,1,22,20,1,21,1210,123,261,304,311,1173,36,501,57,64,89,493,325,63,662,1083,960,251
1/22/2012,2012,1,22,20,1,22,788,83,153,192,211,865,16,391,44,68,94,247,139,34,292,1211,779,282
1/22/2012,2012,1,22,20,1,23,784,107,177,165,172,492,22,262,37,30,45,70,18,27,1238,762,641,307
1/23/2012,2012,1,23,10,2,0,247,29,47,74,68,213,27,99,20,11,13,14,7,11,40,201,199,84
1/23/2012,2012,1,23,10,2,1,104,17,47,42,37,88,17,43,10,10,7,37,7,2,18,92,124,58
1/23/2012,2012,1,23,10,2,2,55,12,10,17,16,65,4,50,3,9,0,13,4,1,10,17,58,32
1/23/2012,2012,1,23,10,2,3,42,18,3,73,13,45,0,29,4,6,0,3,0,0,12,39,40,19
1/23/2012,2012,1,23,10,2,4,37,18,12,8,14,28,2,11,6,5,2,14,6,5,5,57,53,33
1/23/2012,2012,1,23,10,2,5,75,41,38,8,18,40,65,18,20,39,23,14,13,21,18,85,146,61
1/23/2012,2012,1,23,10,2,6,173,178,112,110,52,112,511,57,161,370,115,51,27,116,122,261,425,162
1/23/2012,2012,1,23,10,2,7,424,709,354,322,229,242,1802,236,751,1041,346,125,37,303,392,707,1442,381
1/23/2012,2012,1,23,10,2,8,1093,1992,955,838,607,665,5408,671,1711,2152,764,188,73,518,467,1652,3321,920
1/23/2012,2012,1,23,10,2,9,1371,1154,1091,1085,762,883,2088,626,856,856,417,157,53,158,516,819,1685,409
1/23/2012,2012,1,23,10,2,10,1988,694,1059,1917,1399,1030,798,725,502,332,246,156,48,138,759,974,1142,324
1/23/2012,2012,1,23,10,2,11,2406,692,1592,2388,1837,1033,677,908,435,327,161,168,62,129,679,1126,1330,379
1/23/2012,2012,1,23,10,2,12,3480,1657,2813,3823,3083,1988,919,1549,708,912,446,294,141,395,465,1269,2029,519
1/23/2012,2012,1,23,10,2,13,4000,1700,3001,4409,3692,2325,1304,1638,857,853,356,210,103,351,452,1464,2159,440
1/23/2012,2012,1,23,10,2,14,3353,789,1936,2983,2824,2117,716,1225,421,407,226,131,71,150,324,1276,1540,373
1/23/2012,2012,1,23,10,2,15,3220,686,1620,2695,2584,2319,984,1014,562,444,261,148,83,151,275,1310,1691,441
1/23/2012,2012,1,23,10,2,16,3094,743,1409,2580,2398,2319,1900,1219,868,1091,508,115,55,226,645,1706,2369,616
1/23/2012,2012,1,23,10,2,17,3254,1403,1504,2341,2723,2101,4074,1482,1808,2404,926,218,85,618,1162,2318,4081,1090
1/23/2012,2012,1,23,10,2,18,2624,1028,934,1425,2031,2087,1608,1110,840,917,458,201,87,359,1409,1550,2322,674
1/23/2012,2012,1,23,10,2,19,1752,459,458,600,1061,1357,478,834,258,270,205,256,109,158,870,1024,1376,443
1/23/2012,2012,1,23,10,2,20,1350,393,255,456,627,1216,226,771,107,106,156,350,202,102,324,779,915,266
1/23/2012,2012,1,23,10,2,21,1036,242,229,304,422,1105,125,516,93,92,116,336,264,91,271,897,916,318
1/23/2012,2012,1,23,10,2,22,779,121,173,229,214,745,56,408,44,61,58,166,103,49,160,800,717,266
1/23/2012,2012,1,23,10,2,23,527,110,78,130,131,415,48,165,58,31,26,55,26,37,267,421,555,161
1/24/2012,2012,1,24,10,3,0,218,30,36,70,58,202,35,92,14,18,13,15,24,3,60,156,232,75
1/24/2012,2012,1,24,10,3,1,384,62,71,62,34,180,7,76,33,18,8,15,4,3,1019,228,135,38
1/24/2012,2012,1,24,10,3,2,79,21,9,64,13,72,11,31,6,8,3,33,14,4,23,44,51,31
1/24/2012,2012,1,24,10,3,3,20,9,10,10,14,27,1,15,6,6,1,1,2,0,30,29,19,7
1/24/2012,2012,1,24,10,3,4,39,9,9,9,5,21,4,8,2,1,0,2,1,3,5,36,50,39
1/24/2012,2012,1,24,10,3,5,45,38,22,12,27,45,75,23,27,36,23,9,10,24,17,87,117,31
1/24/2012,2012,1,24,10,3,6,166,189,87,108,86,106,492,57,157,424,111,95,60,149,126,278,462,164
1/24/2012,2012,1,24,10,3,7,486,667,394,357,235,233,1891,227,749,1069,340,116,59,328,405,744,1375,406
1/24/2012,2012,1,24,10,3,8,995,2139,966,937,680,586,5357,678,1835,2105,747,202,82,501,491,1422,3525,924
1/24/2012,2012,1,24,10,3,9,1236,1043,1070,1112,801,714,2111,550,927,804,392,118,46,163,418,960,1680,402
1/24/2012,2012,1,24,10,3,10,1514,726,982,1650,1088,871,886,643,479,423,246,107,44,127,628,918,1182,358
1/24/2012,2012,1,24,10,3,11,2289,664,1371,2287,1764,969,697,830,509,387,223,160,77,159,643,1082,1336,354
1/24/2012,2012,1,24,10,3,12,3313,1730,2620,3888,2930,2001,1018,1470,741,883,385,252,103,328,526,1533,2106,464
1/24/2012,2012,1,24,10,3,13,3820,1573,2849,4424,3596,2143,1304,1515,750,824,366,200,82,356,345,1348,2216,401
1/24/2012,2012,1,24,10,3,14,3211,747,1884,2977,2539,2002,793,1154,544,400,195,189,91,151,249,1295,1644,397
1/24/2012,2012,1,24,10,3,15,2916,598,1527,2662,2250,1965,892,1008,597,586,252,145,56,139,278,1442,1670,457
1/24/2012,2012,1,24,10,3,16,3092,750,1336,2368,2135,2050,1859,1182,906,1196,474,96,51,225,330,1541,2176,532
1/24/2012,2012,1,24,10,3,17,3050,1336,1357,2332,2300,1962,3958,1340,1712,2216,909,156,98,580,692,2704,3744,1059
1/24/2012,2012,1,24,10,3,18,2313,824,809,1308,1805,1983,1636,1112,768,1010,487,243,82,301,1278,1536,2266,639
1/24/2012,2012,1,24,10,3,19,1738,466,415,681,963,1511,488,841,278,339,264,211,140,170,1139,1103,1243,342
1/24/2012,2012,1,24,10,3,20,1259,339,241,416,582,1310,249,708,122,145,99,321,207,91,334,729,1025,293
1/24/2012,2012,1,24,10,3,21,1125,219,229,366,435,1192,149,684,102,79,102,371,182,64,188,1012,918,306
1/24/2012,2012,1,24,10,3,22,765,140,194,237,268,850,78,380,74,70,46,210,134,41,169,687,732,271
1/24/2012,2012,1,24,10,3,23,485,89,107,119,118,475,36,222,47,31,31,79,33,22,153,430,485,178
1/25/2012,2012,1,25,10,4,0,463,70,102,110,79,277,31,127,39,21,14,20,13,23,778,321,301,120
1/25/2012,2012,1,25,10,4,1,181,41,46,48,45,124,6,68,9,19,17,29,11,3,101,112,66,36
1/25/2012,2012,1,25,10,4,2,81,8,11,17,38,42,5,21,5,8,3,11,5,2,52,40,24,12
1/25/2012,2012,1,25,10,4,3,45,16,5,16,3,26,7,16,7,3,4,2,4,0,26,33,26,9
1/25/2012,2012,1,25,10,4,4,44,14,3,3,6,21,2,8,11,7,1,2,1,5,10,43,38,29
1/25/2012,2012,1,25,10,4,5,69,44,17,61,43,49,69,30,20,55,22,13,10,25,19,81,111,48
1/25/2012,2012,1,25,10,4,6,181,205,83,101,85,112,552,60,186,381,97,59,36,170,137,318,447,167
1/25/2012,2012,1,25,10,4,7,423,680,421,331,221,250,2005,226,696,981,328,105,40,311,332,722,1396,408
1/25/2012,2012,1,25,10,4,8,962,1951,858,836,648,619,4994,603,1849,2345,731,173,76,492,473,1425,3257,932
1/25/2012,2012,1,25,10,4,9,1562,1258,1003,1102,733,672,2100,553,921,917,357,135,51,182,361,950,1711,397
1/25/2012,2012,1,25,10,4,10,1840,713,1333,1561,1191,953,805,647,510,369,226,139,51,124,810,1110,1196,356
1/25/2012,2012,1,25,10,4,11,2550,692,1628,2356,1637,1163,644,880,464,371,191,170,100,159,627,1244,1347,397
1/25/2012,2012,1,25,10,4,12,3706,1620,2438,3834,2894,2056,933,1475,705,930,401,390,197,433,546,1872,2389,578
1/25/2012,2012,1,25,10,4,13,4294,1703,2854,4711,4040,2428,1320,1791,803,891,309,373,162,433,480,1699,2433,549
1/25/2012,2012,1,25,10,4,14,3631,904,2088,3560,2941,2130,921,1438,655,580,253,300,158,208,415,1687,1998,558
1/25/2012,2012,1,25,10,4,15,3632,763,1734,3169,2585,2330,1035,1391,593,436,255,205,101,179,530,1774,1915,545
1/25/2012,2012,1,25,10,4,16,3472,854,1636,3103,2421,2148,1859,1439,961,1184,423,240,130,276,545,1944,2432,668
1/25/2012,2012,1,25,10,4,17,3514,1471,1548,3083,2646,2091,3558,1693,1549,2021,834,179,99,618,1634,2606,3983,1185
1/25/2012,2012,1,25,10,4,18,2912,900,893,1747,1966,2025,1543,1440,749,893,425,261,127,383,1389,1726,2431,743
1/25/2012,2012,1,25,10,4,19,2048,477,522,862,1263,1723,585,1077,275,335,212,343,181,142,725,1065,1515,516
1/25/2012,2012,1,25,10,4,20,1519,349,259,551,785,1626,295,860,156,151,121,297,167,86,297,877,1171,361
1/25/2012,2012,1,25,10,4,21,1470,249,294,542,452,1504,230,771,135,78,115,268,171,73,193,914,1034,284
1/25/2012,2012,1,25,10,4,22,1504,184,226,337,399,1283,154,599,76,68,62,185,97,48,766,807,1020,314
1/25/2012,2012,1,25,10,4,23,1437,203,179,236,238,865,97,453,91,49,83,83,63,41,526,770,853,251
1/26/2012,2012,1,26,10,5,0,1124,81,120,164,143,455,64,287,39,31,28,40,11,21,146,267,378,161
1/26/2012,2012,1,26,10,5,1,635,42,81,91,123,273,19,122,23,25,12,28,26,3,11,180,168,62
1/26/2012,2012,1,26,10,5,2,691,34,47,98,78,212,25,96,17,9,11,10,6,3,8,128,137,40
1/26/2012,2012,1,26,10,5,3,566,27,41,111,67,211,3,109,17,8,24,7,3,4,8,109,43,31
1/26/2012,2012,1,26,10,5,4,265,11,31,49,37,120,9,39,3,1,12,5,2,2,23,93,99,72
1/26/2012,2012,1,26,10,5,5,198,10,12,21,15,62,6,27,12,8,2,18,11,9,16,55,103,53
1/26/2012,2012,1,26,10,5,6,95,16,28,39,54,42,14,12,19,23,10,13,7,27,48,66,118,50
1/26/2012,2012,1,26,10,5,7,200,70,94,57,49,131,11,52,27,39,20,68,50,41,91,127,201,70
1/26/2012,2012,1,26,10,5,8,483,108,204,153,138,226,82,184,81,47,29,101,44,74,169,442,351,122
1/26/2012,2012,1,26,10,5,9,1625,148,418,587,425,657,63,532,185,61,90,113,77,133,395,1231,632,160
1/26/2012,2012,1,26,10,5,10,3243,187,664,1012,963,1074,70,998,165,81,97,254,120,152,855,1847,1002,407
1/26/2012,2012,1,26,10,5,11,3191,237,838,1402,1264,1122,92,1227,149,113,86,417,223,192,1001,2931,1336,449
1/26/2012,2012,1,26,10,5,12,3223,324,1162,2349,1850,1756,57,1474,215,83,86,652,351,193,1254,3613,1683,459
1/26/2012,2012,1,26,10,5,13,3380,286,1033,2710,2331,2030,85,1030,220,88,96,777,458,194,1227,2925,1613,530
1/26/2012,2012,1,26,10,5,14,3231,281,1041,2775,2527,2053,61,1136,170,111,113,883,637,192,1359,2996,1894,586
1/26/2012,2012,1,26,10,5,15,3069,319,954,2896,2383,1941,71,1090,140,114,51,775,507,201,1640,2805,2114,701
1/26/2012,2012,1,26,10,5,16,3104,356,777,2688,2219,1957,59,988,116,122,96,716,455,172,1215,2888,2016,674
1/26/2012,2012,1,26,10,5,17,2951,274,652,2002,1877,1920,106,979,128,88,98,583,402,149,1578,2387,1878,626
1/26/2012,2012,1,26,10,5,18,2407,280,342,879,1152,1860,49,872,89,100,87,528,348,164,3042,1960,1712,515
1/26/2012,2012,1,26,10,5,19,2186,212,339,686,748,1525,35,719,91,82,110,413,203,90,1398,1653,1344,480
1/26/2012,2012,1,26,10,5,20,1731,175,298,518,484,1427,69,629,64,63,103,248,162,60,1778,1727,1155,497
1/26/2012,2012,1,26,10,5,21,1935,208,350,365,311,1307,45,567,53,72,63,201,101,62,1678,3193,1794,853
1/26/2012,2012,1,26,10,5,22,1140,96,156,281,272,989,40,393,46,62,67,138,57,38,264,1264,1079,396
1/26/2012,2012,1,26,10,5,23,848,94,141,143,143,701,19,239,58,68,24,59,30,23,1270,884,815,297
1/27/2012,2012,1,27,10,6,0,654,84,144,111,98,356,28,124,34,44,17,30,21,16,455,406,388,115
1/27/2012,2012,1,27,10,6,1,246,16,44,64,49,142,7,88,18,18,5,21,12,1,27,147,171,30
1/27/2012,2012,1,27,10,6,2,130,15,27,16,27,84,12,61,4,13,3,6,2,4,20,66,54,32
1/27/2012,2012,1,27,10,6,3,83,11,17,10,20,51,7,19,2,1,1,13,7,0,13,52,33,19
1/27/2012,2012,1,27,10,6,4,70,17,6,35,22,38,1,36,2,6,7,5,6,5,5,44,79,53
1/27/2012,2012,1,27,10,6,5,88,36,15,44,27,41,48,21,19,18,16,12,16,16,6,65,102,36
1/27/2012,2012,1,27,10,6,6,112,161,73,71,44,83,337,45,120,206,52,19,13,61,70,175,315,130
1/27/2012,2012,1,27,10,6,7,320,403,281,322,197,190,1284,125,447,660,240,78,39,200,160,471,1046,300
1/27/2012,2012,1,27,10,6,8,794,1327,756,763,560,536,3889,447,1266,1483,515,154,49,335,285,966,2335,678
1/27/2012,2012,1,27,10,6,9,1230,893,877,1053,790,631,1693,488,678,608,396,162,66,154,205,863,1427,354
1/27/2012,2012,1,27,10,6,10,1944,519,1212,1737,1419,915,739,605,414,291,219,163,57,120,252,977,1153,307
1/27/2012,2012,1,27,10,6,11,2601,584,1823,2677,2107,1111,659,827,403,268,130,213,112,176,338,1224,1545,412
1/27/2012,2012,1,27,10,6,12,3596,1299,2650,4052,3178,1998,845,1391,607,825,295,352,149,355,436,1898,2440,683
1/27/2012,2012,1,27,10,6,13,4037,1369,3011,4646,3806,2246,1108,1607,625,781,328,363,153,360,484,1745,2335,614
1/27/2012,2012,1,27,10,6,14,3732,778,2165,3641,3078,2186,773,1257,445,338,216,315,134,174,482,1794,2108,542
1/27/2012,2012,1,27,10,6,15,3436,628,1926,3538,2791,2115,933,1291,507,378,191,234,101,161,479,1890,2320,687
1/27/2012,2012,1,27,10,6,16,3388,707,1791,3273,2831,2120,1657,1351,749,963,402,249,136,267,529,1967,2637,753
1/27/2012,2012,1,27,10,6,17,3537,999,1655,3372,2949,2218,2452,1408,1017,1302,506,316,138,369,659,2246,3186,962
1/27/2012,2012,1,27,10,6,18,3076,632,980,2388,2446,2167,808,1112,462,488,265,305,125,242,588,1540,2158,657
1/27/2012,2012,1,27,10,6,19,2139,381,606,1709,1580,1768,306,1040,178,194,162,348,185,109,500,1310,1557,455
1/27/2012,2012,1,27,10,6,20,1761,293,438,1180,1245,1496,199,896,121,97,107,537,293,90,214,1039,1250,414
1/27/2012,2012,1,27,10,6,21,1692,225,340,563,786,1588,134,888,107,88,97,506,346,78,263,1094,1281,436
1/27/2012,2012,1,27,10,6,22,1171,186,210,307,392,1354,74,590,76,71,60,407,226,49,163,944,1143,438
1/27/2012,2012,1,27,10,6,23,941,158,148,293,287,1015,56,541,67,48,43,197,76,40,186,899,1005,454
1/28/2012,2012,1,28,20,7,0,761,104,116,244,167,596,40,311,61,24,37,59,31,14,771,448,521,182
1/28/2012,2012,1,28,20,7,1,681,92,156,206,126,456,24,239,47,35,14,33,21,10,1139,418,387,98
1/28/2012,2012,1,28,20,7,2,294,33,35,97,51,228,11,140,13,7,13,26,4,4,13,126,150,52
1/28/2012,2012,1,28,20,7,3,257,26,25,82,31,203,4,78,14,4,15,13,2,4,24,81,114,54
1/28/2012,2012,1,28,20,7,4,130,17,22,40,27,94,12,36,13,5,4,10,4,1,4,65,80,48
1/28/2012,2012,1,28,20,7,5,85,27,21,38,16,70,6,36,13,9,10,11,6,8,15,67,91,50
1/28/2012,2012,1,28,20,7,6,108,27,33,24,29,64,13,34,9,20,1,10,7,28,33,49,138,52
1/28/2012,2012,1,28,20,7,7,151,60,72,67,67,121,14,74,24,32,27,55,22,54,97,90,187,73
1/28/2012,2012,1,28,20,7,8,339,98,247,239,199,176,40,127,71,59,53,83,48,79,132,233,310,105
1/28/2012,2012,1,28,20,7,9,662,195,509,649,467,402,44,238,91,75,64,112,72,91,129,484,623,184
1/28/2012,2012,1,28,20,7,10,1287,265,788,1555,1093,746,50,454,117,116,150,199,108,122,228,778,869,245
1/28/2012,2012,1,28,20,7,11,2151,245,1245,2419,1877,991,49,687,150,122,75,277,107,130,279,1132,1274,333
1/28/2012,2012,1,28,20,7,12,2534,273,1473,2971,2368,1322,50,886,153,85,112,313,173,124,375,1476,1498,420
1/28/2012,2012,1,28,20,7,13,3162,332,1441,3212,2811,1985,71,1258,179,105,71,313,189,136,375,1533,1547,489
1/28/2012,2012,1,28,20,7,14,3253,329,1525,3529,3016,2091,65,1171,147,122,81,294,194,149,378,1767,1721,536
1/28/2012,2012,1,28,20,7,15,3109,281,1404,3307,2911,1943,105,1091,167,120,113,286,187,171,358,1890,1784,611
1/28/2012,2012,1,28,20,7,16,2925,322,1156,2972,2758,1936,39,1065,144,92,96,278,188,115,383,1476,1758,573
1/28/2012,2012,1,28,20,7,17,2403,333,862,1958,2019,1726,67,957,154,87,121,291,209,98,414,1606,1674,503
1/28/2012,2012,1,28,20,7,18,2071,331,397,1031,1421,1800,62,874,120,103,140,505,314,92,538,1319,1440,513
1/28/2012,2012,1,28,20,7,19,1530,279,314,564,953,1471,59,832,93,94,150,586,337,83,388,1351,1301,504
1/28/2012,2012,1,28,20,7,20,1344,355,240,510,683,1346,27,768,99,79,72,811,532,78,263,1308,1283,545
1/28/2012,2012,1,28,20,7,21,1568,283,267,463,438,1460,44,750,95,82,83,759,562,41,666,1593,1353,650
1/28/2012,2012,1,28,20,7,22,1366,240,294,455,392,1061,74,532,76,67,100,634,302,65,449,1326,1440,602
1/28/2012,2012,1,28,20,7,23,1328,273,396,363,399,1076,51,495,123,63,87,443,169,43,323,1207,1427,657
1/29/2012,2012,1,29,20,1,0,823,141,224,301,244,682,28,341,66,38,104,151,41,21,66,834,857,335
1/29/2012,2012,1,29,20,1,1,579,53,154,220,234,420,14,185,65,21,37,64,31,14,29,333,414,168
1/29/2012,2012,1,29,20,1,2,433,34,110,173,133,275,18,154,32,13,14,19,7,13,11,186,300,79
1/29/2012,2012,1,29,20,1,3,301,27,50,155,108,187,10,81,35,6,30,20,0,1,7,146,185,100
1/29/2012,2012,1,29,20,1,4,220,38,65,58,39,67,23,49,20,15,9,6,4,3,7,40,97,40
1/29/2012,2012,1,29,20,1,5,88,13,26,36,12,70,6,35,14,1,9,7,10,2,8,46,69,39
1/29/2012,2012,1,29,20,1,6,69,20,28,24,26,27,8,26,10,6,7,16,9,11,33,58,72,29
1/29/2012,2012,1,29,20,1,7,147,46,81,52,55,80,16,44,27,23,18,37,18,57,93,82,188,76
1/29/2012,2012,1,29,20,1,8,285,148,165,140,108,197,30,81,53,47,42,95,57,105,203,179,305,100
1/29/2012,2012,1,29,20,1,9,634,210,295,488,398,428,35,218,99,59,60,158,185,135,252,442,594,199
1/29/2012,2012,1,29,20,1,10,1301,246,591,1309,976,830,40,460,75,87,121,213,252,142,274,832,944,294
1/29/2012,2012,1,29,20,1,11,2044,261,950,2031,1714,1194,47,701,111,95,95,172,282,124,239,1225,1463,535
1/29/2012,2012,1,29,20,1,12,2541,267,1154,2463,2529,1896,32,1059,133,54,105,189,315,129,218,1445,1572,565
1/29/2012,2012,1,29,20,1,13,2982,221,1213,2733,2873,1974,61,1020,123,43,107,252,325,109,213,1624,1643,584
1/29/2012,2012,1,29,20,1,14,2824,269,1033,2611,2854,2106,52,1278,115,80,94,318,663,95,277,1694,1816,648
1/29/2012,2012,1,29,20,1,15,2879,271,922,2617,2436,2062,44,1194,134,75,68,388,726,92,398,1549,1826,793
1/29/2012,2012,1,29,20,1,16,2269,217,764,2180,2018,1745,42,1026,81,82,72,282,441,98,371,1422,1840,710
1/29/2012,2012,1,29,20,1,17,2147,266,481,1594,1427,1728,36,1010,102,82,77,335,300,90,573,1110,1501,548
1/29/2012,2012,1,29,20,1,18,1579,190,243,719,891,1644,45,834,65,91,64,257,183,70,549,885,1196,484
1/29/2012,2012,1,29,20,1,19,1201,66,181,337,587,1227,29,604,36,62,90,324,185,58,447,795,986,422
1/29/2012,2012,1,29,20,1,20,872,117,117,278,328,993,32,477,31,42,67,355,269,72,180,778,710,384
1/29/2012,2012,1,29,20,1,21,807,62,99,224,192,847,36,401,36,32,71,245,176,58,177,734,706,336
1/29/2012,2012,1,29,20,1,22,703,71,120,167,146,647,25,214,54,52,42,135,77,15,138,647,631,247
1/29/2012,2012,1,29,20,1,23,655,64,106,122,146,375,29,176,29,46,28,50,7,23,100,519,575,264
1/30/2012,2012,1,30,10,2,0,441,29,72,77,55,211,3,108,26,14,17,25,0,2,58,296,220,103
1/30/2012,2012,1,30,10,2,1,171,27,32,44,43,68,5,80,9,3,6,7,4,7,258,110,98,29
1/30/2012,2012,1,30,10,2,2,437,44,123,69,44,108,8,100,19,15,6,5,0,8,847,254,149,54
1/30/2012,2012,1,30,10,2,3,52,16,9,9,11,45,8,16,6,7,2,0,0,5,19,31,39,22
1/30/2012,2012,1,30,10,2,4,41,17,15,127,16,31,2,14,4,2,4,0,0,1,17,60,30,38
1/30/2012,2012,1,30,10,2,5,63,60,19,36,5,43,69,40,21,39,16,8,7,21,22,79,117,48
1/30/2012,2012,1,30,10,2,6,161,192,69,88,53,112,496,70,166,361,128,34,16,88,54,258,406,115
1/30/2012,2012,1,30,10,2,7,406,637,338,302,189,222,1688,220,576,979,337,91,44,250,206,716,1241,346
1/30/2012,2012,1,30,10,2,8,1010,1832,1011,808,599,607,4912,727,1712,2351,803,155,51,450,379,1410,3154,934
1/30/2012,2012,1,30,10,2,9,1029,1188,852,879,598,631,2608,537,1037,1085,578,112,37,175,128,804,1623,377
1/30/2012,2012,1,30,10,2,10,1451,700,1048,1289,1028,809,978,542,535,410,236,109,66,75,80,1415,949,209
1/30/2012,2012,1,30,10,2,11,2082,575,1403,1936,1483,1171,672,679,420,317,169,141,88,109,113,999,1103,299
1/30/2012,2012,1,30,10,2,12,3077,1460,2380,3479,2564,2085,1004,1347,653,865,361,338,157,314,294,1874,1925,410
1/30/2012,2012,1,30,10,2,13,3573,1579,2675,3882,3183,2197,1113,1628,676,789,307,278,118,324,268,1515,2247,416
1/30/2012,2012,1,30,10,2,14,3122,732,1778,2873,2370,1881,809,1243,474,363,176,170,96,139,201,1602,1557,351
1/30/2012,2012,1,30,10,2,15,2894,654,1435,2645,2033,1825,1048,1270,514,458,192,185,82,113,164,1298,1663,516
1/30/2012,2012,1,30,10,2,16,2838,727,1340,2461,2073,1835,1919,1275,873,1134,402,116,57,201,258,1465,2179,557
1/30/2012,2012,1,30,10,2,17,2692,1394,1305,2313,2043,1883,3916,1503,1740,2171,971,185,116,504,408,2109,3898,1141
1/30/2012,2012,1,30,10,2,18,2012,813,680,1299,1444,1666,1666,1149,786,842,566,265,91,332,336,1362,2128,653
1/30/2012,2012,1,30,10,2,19,1307,476,322,534,827,1201,517,803,273,274,210,172,86,142,199,771,1180,346
1/30/2012,2012,1,30,10,2,20,993,354,211,391,527,1114,253,724,142,125,111,170,90,71,145,672,840,329
1/30/2012,2012,1,30,10,2,21,820,227,180,245,267,863,111,434,86,75,88,89,37,46,114,674,795,245
1/30/2012,2012,1,30,10,2,22,431,117,107,176,190,613,64,268,53,44,56,61,23,28,36,422,518,137
1/30/2012,2012,1,30,10,2,23,306,93,40,81,122,267,32,146,28,18,12,10,11,4,9,145,303,134
1/31/2012,2012,1,31,10,3,0,148,35,32,68,94,108,11,44,28,10,20,17,5,0,9,75,112,81
1/31/2012,2012,1,31,10,3,1,60,21,6,17,25,41,1,24,0,13,14,1,0,5,7,17,71,17
1/31/2012,2012,1,31,10,3,2,34,9,8,15,14,25,11,11,4,4,8,0,3,0,1,26,24,10
1/31/2012,2012,1,31,10,3,3,17,2,8,10,12,25,2,8,5,3,2,0,0,0,12,25,28,9
1/31/2012,2012,1,31,10,3,4,40,12,7,24,8,23,1,10,2,1,6,2,0,3,3,28,35,30
1/31/2012,2012,1,31,10,3,5,53,43,9,19,9,51,66,10,20,49,24,10,6,23,10,68,102,30
1/31/2012,2012,1,31,10,3,6,154,244,61,118,60,103,532,79,173,410,122,30,17,120,108,292,477,150
1/31/2012,2012,1,31,10,3,7,369,665,354,360,213,232,1862,223,682,1057,368,103,67,255,295,672,1358,377
1/31/2012,2012,1,31,10,3,8,876,1968,835,828,601,612,5380,672,1873,2277,862,155,173,432,430,1360,3397,882
1/31/2012,2012,1,31,10,3,9,992,1191,870,796,594,628,2475,522,954,925,426,126,336,136,136,754,1613,425
1/31/2012,2012,1,31,10,3,10,1427,555,940,1172,879,740,897,587,487,328,194,1308,49,101,122,559,879,202
1/31/2012,2012,1,31,10,3,11,2041,522,1309,1774,1313,1129,650,681,382,302,179,571,43,117,81,848,987,260
1/31/2012,2012,1,31,10,3,12,3137,1397,2236,3052,2387,1978,938,1345,645,912,386,220,136,410,169,1108,1868,445
1/31/2012,2012,1,31,10,3,13,3541,1593,2731,4053,2869,2281,1206,1598,756,818,347,274,162,372,257,1171,2038,472
1/31/2012,2012,1,31,10,3,14,3075,710,1882,2925,2220,2015,775,1292,496,435,199,408,139,159,184,1093,1711,433
1/31/2012,2012,1,31,10,3,15,2934,636,1512,2660,2000,1948,1032,1304,652,416,244,185,106,133,208,1128,1656,509
1/31/2012,2012,1,31,10,3,16,2881,740,1340,2473,1891,1926,1968,1526,1014,1192,502,174,79,222,217,1402,2309,601
1/31/2012,2012,1,31,10,3,17,2763,1465,1236,2454,1935,2002,4018,1597,1745,2102,899,184,98,497,399,2261,3930,1183
1/31/2012,2012,1,31,10,3,18,2242,937,812,1371,1419,1851,1696,1119,794,916,514,207,88,369,361,1611,2221,744
1/31/2012,2012,1,31,10,3,19,1353,411,320,541,915,1312,548,744,261,321,187,153,62,160,171,891,1026,356
1/31/2012,2012,1,31,10,3,20,970,315,219,372,427,1204,224,629,127,153,114,151,104,69,86,465,713,264
1/31/2012,2012,1,31,10,3,21,790,171,172,253,343,1075,141,496,82,69,115,97,58,45,77,638,754,271
1/31/2012,2012,1,31,10,3,22,512,134,118,181,223,631,66,280,53,66,45,68,30,24,24,391,534,203
1/31/2012,2012,1,31,10,3,23,549,108,72,161,135,384,52,183,50,32,30,38,12,18,43,1722,415,204
